ID,alerta_desnutricion
1,1
2,0
3,0
4,1
5,1
6,0
7,1
8,1
9,1
10,1
11,0
12,0
13,1
14,1
15,1
16,1
17,1
18,1
19,1
20,0
21,1
22,1
23,1
24,1
25,1
26,0
27,0
28,1
29,1
30,0
31,0
32,1
33,0
34,0
35,1
36,1
37,1
38,0
39,1
40,1
41,0
42,0
43,0
44,1
45,0
46,1
47,0
48,0
49,0
50,1
51,0
52,0
53,0
54,0
55,1
56,1
57,1
58,1
59,0
60,1
61,1
62,1
63,1
64,1
65,1
66,1
67,1
68,1
69,1
70,0
71,1
72,1
73,0
74,0
75,1
76,1
77,0
78,1
79,1
80,1
81,1
82,0
83,1
84,0
85,1
86,0
87,1
88,1
89,1
90,1
91,0
92,1
93,0
94,1
95,1
96,1
97,0
98,0
99,1
100,1
101,1
102,1
103,1
104,1
105,1
106,1
107,0
108,1
109,1
110,1
111,1
112,1
113,1
114,0
115,1
116,0
117,0
118,0
119,0
120,1
121,0
122,1
123,1
124,0
125,1
126,0
127,0
128,0
129,0
130,1
131,0
132,0
133,0
134,1
135,1
136,0
137,0
138,0
139,1
140,1
141,1
142,1
143,1
144,1
145,0
146,1
147,0
148,1
149,0
150,1
151,1
152,0
153,1
154,1
155,1
156,1
157,1
158,0
159,1
160,1
161,0
162,1
163,0
164,0
165,1
166,1
167,0
168,1
169,0
170,0
171,1
172,1
173,1
174,1
175,1
176,0
177,1
178,1
179,1
180,1
181,1
182,1
183,1
184,0
185,0
186,1
187,1
188,1
189,1
190,1
191,1
192,1
193,1
194,1
195,1
196,0
197,1
198,0
199,1
200,1
201,1
202,1
203,1
204,0
205,1
206,0
207,1
208,1
209,1
210,1
211,0
212,1
213,0
214,0
215,1
216,1
217,1
218,1
219,0
220,0
221,1
222,1
223,0
224,1
225,1
226,1
227,1
228,0
229,0
230,0
231,0
232,1
233,1
234,1
235,0
236,0
237,0
238,1
239,1
240,1
241,1
242,0
243,1
244,1
245,1
246,1
247,1
248,1
249,1
250,1
251,1
252,1
253,1
254,1
255,1
256,1
257,1
258,1
259,0
260,0
261,1
262,1
263,0
264,1
265,1
266,1
267,1
268,0
269,1
270,0
271,1
272,0
273,1
274,1
275,1
276,1
277,1
278,0
279,1
280,1
281,1
282,1
283,0
284,1
285,1
286,0
287,1
288,1
289,1
290,0
291,1
292,1
293,0
294,0
295,0
296,1
297,1
298,0
299,1
300,0
301,1
302,0
303,0
304,0
305,1
306,0
307,1
308,1
309,1
310,0
311,1
312,1
313,1
314,0
315,0
316,0
317,1
318,0
319,0
320,1
321,0
322,0
323,0
324,1
325,1
326,0
327,1
328,0
329,1
330,1
331,1
332,1
333,0
334,0
335,1
336,0
337,1
338,1
339,1
340,1
341,0
342,1
343,1
344,1
345,1
346,1
347,0
348,1
349,0
350,1
351,0
352,1
353,0
354,1
355,1
356,1
357,0
358,0
359,1
360,1
361,1
362,1
363,0
364,0
365,1
366,1
367,1
368,1
369,0
370,1
371,1
372,0
373,1
374,1
375,0
376,0
377,0
378,1
379,1
380,1
381,0
382,1
383,0
384,1
385,1
386,1
387,1
388,0
389,1
390,1
391,0
392,0
393,0
394,1
395,0
396,1
397,0
398,0
399,0
400,1
401,1
402,1
403,0
404,1
405,1
406,0
407,1
408,1
409,0
410,0
411,1
412,0
413,0
414,1
415,1
416,0
417,1
418,1
419,1
420,0
421,0
422,0
423,1
424,0
425,1
426,0
427,1
428,0
429,1
430,1
431,1
432,1
433,1
434,1
435,0
436,0
437,0
438,1
439,1
440,1
441,1
442,1
443,1
444,1
445,0
446,1
447,0
448,1
449,1
450,1
451,0
452,1
453,1
454,1
455,0
456,1
457,1
458,1
459,1
460,1
461,1
462,0
463,1
464,1
465,0
466,0
467,1
468,1
469,0
470,0
471,0
472,0
473,1
474,1
475,1
476,1
477,1
478,1
479,0
480,1
481,1
482,1
483,1
484,0
485,0
486,0
487,0
488,0
489,1
490,1
491,1
492,1
493,0
494,0
495,0
496,0
497,1
498,1
499,1
500,0
501,1
502,1
503,1
504,1
505,0
506,1
507,0
508,1
509,0
510,0
511,1
512,0
513,1
514,0
515,1
516,0
517,1
518,0
519,0
520,0
521,0
522,1
523,1
524,1
525,0
526,1
527,0
528,1
529,1
530,1
531,0
532,1
533,1
534,0
535,0
536,0
537,0
538,1
539,1
540,1
541,1
542,1
543,1
544,1
545,0
546,0
547,0
548,0
549,1
550,1
551,0
552,1
553,1
554,1
555,1
556,0
557,1
558,1
559,1
560,0
561,0
562,0
563,1
564,1
565,1
566,0
567,1
568,0
569,1
570,1
571,1
572,1
573,1
574,1
575,1
576,1
577,0
578,1
579,0
580,1
581,1
582,0
583,1
584,0
585,0
586,0
587,1
588,1
589,1
590,0
591,0
592,1
593,1
594,1
595,1
596,1
597,1
598,0
599,0
600,1
601,1
602,0
603,1
604,1
605,1
606,1
607,0
608,1
609,0
610,1
611,1
612,1
613,0
614,1
615,0
616,1
617,0
618,0
619,1
620,1
621,1
622,0
623,1
624,0
625,1
626,0
627,0
628,1
629,1
630,1
631,1
632,0
633,1
634,1
635,0
636,0
637,1
638,0
639,1
640,1
641,1
642,1
643,0
644,0
645,1
646,1
647,0
648,1
649,0
650,1
651,0
652,0
653,0
654,0
655,1
656,1
657,0
658,0
659,1
660,1
661,1
662,1
663,1
664,1
665,0
666,0
667,1
668,0
669,1
670,0
671,0
672,1
673,0
674,1
675,1
676,0
677,0
678,0
679,1
680,0
681,1
682,1
683,1
684,0
685,1
686,1
687,1
688,1
689,1
690,1
691,1
692,1
693,0
694,1
695,1
696,0
697,1
698,0
699,0
700,1
701,1
702,1
703,1
704,0
705,1
706,1
707,1
708,1
709,1
710,1
711,0
712,1
713,1
714,1
715,1
716,1
717,0
718,0
719,1
720,1
721,1
722,1
723,1
724,1
725,0
726,1
727,1
728,0
729,1
730,0
731,0
732,1
733,1
734,1
735,1
736,1
737,1
738,0
739,1
740,1
741,1
742,1
743,1
744,0
745,1
746,1
747,1
748,1
749,1
750,1
751,1
752,0
753,0
754,0
755,1
756,1
757,0
758,0
759,1
760,0
761,0
762,1
763,0
764,1
765,1
766,0
767,0
768,0
769,1
770,1
771,1
772,1
773,1
774,0
775,0
776,0
777,1
778,1
779,1
780,1
781,0
782,1
783,1
784,0
785,0
786,1
787,1
788,0
789,1
790,0
791,1
792,1
793,1
794,1
795,1
796,1
797,1
798,0
799,1
800,1
801,1
802,1
803,1
804,1
805,1
806,0
807,1
808,1
809,1
810,0
811,0
812,1
813,0
814,1
815,1
816,0
817,1
818,0
819,1
820,1
821,1
822,1
823,1
824,1
825,1
826,0
827,1
828,1
829,1
830,1
831,1
832,1
833,1
834,0
835,1
836,1
837,0
838,0
839,0
840,0
841,0
842,0
843,1
844,0
845,0
846,1
847,0
848,1
849,0
850,0
851,1
852,1
853,1
854,0
855,0
856,0
857,1
858,1
859,1
860,0
861,0
862,1
863,1
864,0
865,0
866,1
867,1
868,0
869,0
870,0
871,1
872,1
873,0
874,1
875,0
876,1
877,1
878,1
879,1
880,0
881,0
882,1
883,1
884,1
885,1
886,1
887,1
888,0
889,1
890,0
891,1
892,0
893,1
894,1
895,0
896,1
897,1
898,0
899,1
900,0
901,0
902,1
903,1
904,0
905,1
906,0
907,1
908,0
909,0
910,1
911,1
912,0
913,0
914,1
915,1
916,1
917,1
918,1
919,1
920,1
921,0
922,0
923,0
924,1
925,0
926,1
927,1
928,1
929,0
930,0
931,1
932,1
933,0
934,1
935,0
936,0
937,1
938,1
939,1
940,1
941,1
942,0
943,1
944,1
945,1
946,0
947,1
948,1
949,1
950,1
951,0
952,1
953,0
954,0
955,1
956,1
957,1
958,0
959,0
960,1
961,1
962,1
963,1
964,0
965,1
966,1
967,1
968,1
969,0
970,0
971,0
972,1
973,1
974,0
975,0
976,1
977,1
978,0
979,1
980,1
981,1
982,1
983,1
984,1
985,0
986,1
987,1
988,1
989,1
990,1
991,1
992,1
993,1
994,1
995,1
996,1
997,0
998,0
999,0
1000,0
1001,0
1002,1
1003,0
1004,0
1005,0
1006,0
1007,1
1008,1
1009,1
1010,0
1011,1
1012,1
1013,0
1014,1
1015,1
1016,1
1017,0
1018,1
1019,1
1020,1
1021,0
1022,0
1023,0
1024,1
1025,0
1026,0
1027,1
1028,1
1029,1
1030,1
1031,1
1032,0
1033,1
1034,0
1035,0
1036,1
1037,1
1038,0
1039,0
1040,1
1041,1
1042,1
1043,1
1044,0
1045,1
1046,1
1047,1
1048,0
1049,1
1050,0
1051,0
1052,1
1053,1
1054,1
1055,1
1056,1
1057,0
1058,1
1059,1
1060,1
1061,1
1062,1
1063,0
1064,1
1065,1
1066,1
1067,1
1068,1
1069,0
1070,1
1071,1
1072,0
1073,0
1074,1
1075,1
1076,0
1077,1
1078,1
1079,1
1080,0
1081,1
1082,1
1083,1
1084,0
1085,0
1086,1
1087,1
1088,0
1089,0
1090,1
1091,1
1092,1
1093,1
1094,1
1095,1
1096,1
1097,1
1098,1
1099,0
1100,1
1101,1
1102,1
1103,1
1104,1
1105,0
1106,1
1107,1
1108,1
1109,1
1110,1
1111,0
1112,1
1113,1
1114,0
1115,0
1116,1
1117,1
1118,0
1119,1
1120,1
1121,1
1122,0
1123,1
1124,1
1125,1
1126,1
1127,1
1128,1
1129,1
1130,0
1131,1
1132,0
1133,1
1134,0
1135,0
1136,0
1137,1
1138,1
1139,0
1140,1
1141,1
1142,0
1143,1
1144,1
1145,1
1146,0
1147,0
1148,0
1149,1
1150,1
1151,1
1152,1
1153,0
1154,1
1155,1
1156,0
1157,0
1158,1
1159,0
1160,1
1161,1
1162,1
1163,0
1164,0
1165,0
1166,0
1167,0
1168,0
1169,1
1170,1
1171,0
1172,1
1173,0
1174,1
1175,1
1176,0
1177,1
1178,0
1179,0
1180,1
1181,0
1182,1
1183,1
1184,1
1185,1
1186,0
1187,1
1188,1
1189,0
1190,1
1191,1
1192,0
1193,0
1194,1
1195,1
1196,0
1197,0
1198,1
1199,1
1200,0
1201,1
1202,1
1203,1
1204,1
1205,1
1206,0
1207,0
1208,1
1209,0
1210,1
1211,1
1212,1
1213,1
1214,1
1215,0
1216,1
1217,1
1218,1
1219,0
1220,1
1221,1
1222,1
1223,1
1224,0
1225,0
1226,0
1227,1
1228,0
1229,1
1230,1
1231,0
1232,1
1233,1
1234,1
1235,1
1236,0
1237,1
1238,1
1239,1
1240,1
1241,1
1242,1
1243,1
1244,0
1245,0
1246,1
1247,0
1248,0
1249,0
1250,1
1251,1
1252,1
1253,1
1254,1
1255,1
1256,0
1257,1
1258,1
1259,1
1260,1
1261,0
1262,0
1263,0
1264,1
1265,1
1266,1
1267,0
1268,1
1269,1
1270,1
1271,0
1272,1
1273,0
1274,1
1275,1
1276,1
1277,0
1278,0
1279,1
1280,0
1281,1
1282,1
1283,0
1284,1
1285,0
1286,0
1287,1
1288,1
1289,1
1290,1
1291,1
1292,0
1293,0
1294,1
1295,0
1296,1
1297,1
1298,0
1299,1
1300,1
1301,0
1302,1
1303,1
1304,1
1305,0
1306,0
1307,0
1308,0
1309,1
1310,0
1311,0
1312,0
1313,1
1314,0
1315,0
1316,0
1317,1
1318,1
1319,0
1320,0
1321,1
1322,0
1323,1
1324,0
1325,0
1326,1
1327,1
1328,1
1329,1
1330,1
1331,1
1332,0
1333,1
1334,1
1335,1
1336,1
1337,1
1338,0
1339,1
1340,1
1341,0
1342,1
1343,1
1344,1
1345,1
1346,1
1347,1
1348,1
1349,0
1350,1
1351,1
1352,0
1353,1
1354,1
1355,1
1356,0
1357,1
1358,1
1359,1
1360,0
1361,1
1362,0
1363,1
1364,1
1365,1
1366,0
1367,1
1368,0
1369,1
1370,0
1371,0
1372,1
1373,1
1374,1
1375,1
1376,1
1377,1
1378,0
1379,1
1380,1
1381,1
1382,0
1383,1
1384,1
1385,1
1386,0
1387,1
1388,1
1389,1
1390,1
1391,0
1392,0
1393,1
1394,1
1395,1
1396,1
1397,1
1398,1
1399,0
1400,0
1401,1
1402,0
1403,0
1404,0
1405,1
1406,0
1407,1
1408,1
1409,1
1410,0
1411,0
1412,1
1413,0
1414,0
1415,0
1416,1
1417,1
1418,0
1419,1
1420,1
1421,0
1422,0
1423,1
1424,1
1425,1
1426,0
1427,1
1428,1
1429,0
1430,1
1431,1
1432,1
1433,1
1434,1
1435,1
1436,1
1437,0
1438,0
1439,0
1440,1
1441,0
1442,1
1443,0
1444,1
1445,1
1446,1
1447,0
1448,1
1449,1
1450,0
1451,1
1452,1
1453,0
1454,1
1455,0
1456,0
1457,1
1458,0
1459,1
1460,0
1461,1
1462,0
1463,1
1464,1
1465,0
1466,0
1467,1
1468,0
1469,1
1470,1
1471,0
1472,1
1473,1
1474,0
1475,0
1476,1
1477,0
1478,1
1479,1
1480,0
1481,1
1482,0
1483,1
1484,1
1485,1
1486,0
1487,1
1488,0
1489,1
1490,1
1491,0
1492,1
1493,1
1494,1
1495,1
1496,1
1497,0
1498,0
1499,0
1500,1
1501,1
1502,0
1503,1
1504,1
1505,0
1506,0
1507,1
1508,1
1509,0
1510,1
1511,1
1512,1
1513,1
1514,0
1515,1
1516,1
1517,1
1518,1
1519,1
1520,1
1521,1
1522,0
1523,1
1524,1
1525,1
1526,0
1527,0
1528,1
1529,0
1530,1
1531,1
1532,0
1533,0
1534,0
1535,1
1536,1
1537,1
1538,1
1539,1
1540,0
1541,0
1542,1
1543,1
1544,1
1545,1
1546,1
1547,1
1548,1
1549,1
1550,1
1551,1
1552,0
1553,0
1554,1
1555,0
1556,0
1557,0
1558,1
1559,1
1560,1
1561,0
1562,0
1563,1
1564,0
1565,1
1566,1
1567,0
1568,1
1569,1
1570,1
1571,1
1572,1
1573,1
1574,0
1575,0
1576,1
1577,1
1578,0
1579,1
1580,1
1581,1
1582,0
1583,1
1584,1
1585,1
1586,1
1587,0
1588,0
1589,1
1590,1
1591,0
1592,1
1593,0
1594,0
1595,1
1596,1
1597,1
1598,1
1599,0
1600,0
1601,1
1602,0
1603,1
1604,1
1605,1
1606,0
1607,1
1608,1
1609,1
1610,1
1611,1
1612,0
1613,0
1614,1
1615,1
1616,1
1617,1
1618,0
1619,1
1620,1
1621,1
1622,1
1623,1
1624,1
1625,1
1626,1
1627,0
1628,1
1629,1
1630,1
1631,1
1632,1
1633,1
1634,1
1635,1
1636,1
1637,1
1638,1
1639,0
1640,1
1641,1
1642,1
1643,1
1644,1
1645,0
1646,1
1647,0
1648,0
1649,1
1650,0
1651,1
1652,1
1653,0
1654,0
1655,1
1656,1
1657,0
1658,1
1659,0
1660,1
1661,0
1662,1
1663,1
1664,1
1665,1
1666,1
1667,1
1668,1
1669,1
1670,1
1671,0
1672,1
1673,1
1674,1
1675,1
1676,1
1677,1
1678,1
1679,1
1680,0
1681,0
1682,1
1683,1
1684,1
1685,0
1686,1
1687,0
1688,0
1689,1
1690,0
1691,1
1692,1
1693,0
1694,0
1695,0
1696,1
1697,0
1698,1
1699,1
1700,0
1701,0
1702,1
1703,1
1704,0
1705,1
1706,0
1707,1
1708,1
1709,1
1710,1
1711,1
1712,1
1713,1
1714,1
1715,1
1716,0
1717,0
1718,0
1719,1
1720,1
1721,0
1722,0
1723,0
1724,1
1725,1
1726,1
1727,0
1728,1
1729,1
1730,1
1731,1
1732,1
1733,0
1734,1
1735,0
1736,1
1737,1
1738,0
1739,0
1740,1
1741,1
1742,1
1743,0
1744,0
1745,1
1746,1
1747,1
1748,0
1749,1
1750,0
1751,1
1752,1
1753,1
1754,1
1755,0
1756,1
1757,0
1758,1
1759,1
1760,0
1761,1
1762,1
1763,1
1764,1
1765,1
1766,0
1767,0
1768,1
1769,0
1770,1
1771,1
1772,1
1773,1
1774,1
1775,1
1776,1
1777,1
1778,0
1779,0
1780,0
1781,1
1782,1
1783,1
1784,0
1785,0
1786,1
1787,0
1788,1
1789,0
1790,1
1791,1
1792,1
1793,0
1794,0
1795,1
1796,1
1797,1
1798,1
1799,1
1800,0
1801,0
1802,0
1803,1
1804,1
1805,1
1806,1
1807,1
1808,1
1809,1
1810,1
1811,1
1812,0
1813,0
1814,1
1815,1
1816,1
1817,1
1818,0
1819,1
1820,1
1821,1
1822,0
1823,1
1824,1
1825,0
1826,1
1827,0
1828,1
1829,1
1830,1
1831,1
1832,1
1833,0
1834,0
1835,0
1836,1
1837,0
1838,1
1839,1
1840,1
1841,1
1842,1
1843,0
1844,1
1845,0
1846,1
1847,0
1848,1
1849,1
1850,1
1851,1
1852,1
1853,1
1854,1
1855,1
1856,1
1857,1
1858,1
1859,1
1860,1
1861,1
1862,1
1863,0
1864,0
1865,1
1866,1
1867,1
1868,0
1869,1
1870,0
1871,1
1872,1
1873,1
1874,1
1875,0
1876,1
1877,1
1878,0
1879,1
1880,1
1881,0
1882,1
1883,0
1884,1
1885,1
1886,0
1887,1
1888,1
1889,0
1890,1
1891,0
1892,1
1893,1
1894,0
1895,1
1896,0
1897,1
1898,0
1899,1
1900,1
1901,0
1902,0
1903,0
1904,1
1905,1
1906,1
1907,1
1908,1
1909,1
1910,0
1911,1
1912,0
1913,1
1914,0
1915,0
1916,0
1917,1
1918,1
1919,1
1920,1
1921,1
1922,0
1923,1
1924,0
1925,1
1926,0
1927,0
1928,0
1929,0
1930,1
1931,1
1932,0
1933,1
1934,0
1935,1
1936,1
1937,1
1938,1
1939,0
1940,0
1941,0
1942,0
1943,1
1944,1
1945,1
1946,1
1947,1
1948,0
1949,0
1950,0
1951,0
1952,1
1953,0
1954,1
1955,1
1956,0
1957,1
1958,1
1959,1
1960,0
1961,0
1962,1
1963,0
1964,1
1965,1
1966,0
1967,0
1968,1
1969,0
1970,1
1971,1
1972,1
1973,1
1974,1
1975,1
1976,1
1977,1
1978,1
1979,1
1980,1
1981,1
1982,1
1983,1
1984,0
1985,1
1986,0
1987,0
1988,0
1989,1
1990,1
1991,1
1992,1
1993,0
1994,1
1995,1
1996,1
1997,1
1998,0
1999,1
2000,1
2001,1
2002,1
2003,1
2004,0
2005,0
2006,1
2007,0
2008,0
2009,1
2010,1
2011,1
2012,1
2013,1
2014,0
2015,1
2016,1
2017,0
2018,1
2019,1
2020,1
2021,1
2022,0
2023,0
2024,1
2025,1
2026,0
2027,0
2028,1
2029,1
2030,0
2031,1
2032,1
2033,1
2034,0
2035,0
2036,1
2037,0
2038,1
2039,1
2040,0
2041,0
2042,1
2043,1
2044,1
2045,0
2046,1
2047,1
2048,1
2049,1
2050,0
2051,0
2052,0
2053,0
2054,1
2055,1
2056,0
2057,0
2058,1
2059,0
2060,1
2061,0
2062,1
2063,0
2064,1
2065,1
2066,1
2067,0
2068,0
2069,1
2070,1
2071,1
2072,0
2073,0
2074,1
2075,1
2076,1
2077,1
2078,1
2079,1
2080,1
2081,1
2082,0
2083,1
2084,1
2085,1
2086,1
2087,1
2088,1
2089,1
2090,1
2091,0
2092,1
2093,1
2094,0
2095,0
2096,0
2097,1
2098,0
2099,0
2100,0
2101,1
2102,0
2103,1
2104,1
2105,0
2106,0
2107,0
2108,0
2109,1
2110,1
2111,1
2112,1
2113,0
2114,0
2115,0
2116,1
2117,1
2118,0
2119,1
2120,1
2121,0
2122,1
2123,1
2124,0
2125,1
2126,1
2127,1
2128,1
2129,0
2130,0
2131,1
2132,1
2133,1
2134,1
2135,1
2136,0
2137,1
2138,0
2139,1
2140,0
2141,1
2142,1
2143,0
2144,0
2145,1
2146,0
2147,0
2148,1
2149,0
2150,1
2151,1
2152,1
2153,1
2154,1
2155,0
2156,1
2157,0
2158,1
2159,1
2160,0
2161,0
2162,1
2163,1
2164,1
2165,1
2166,0
2167,0
2168,1
2169,1
2170,1
2171,1
2172,1
2173,1
2174,0
2175,1
2176,0
2177,1
2178,0
2179,1
2180,0
2181,1
2182,0
2183,1
2184,0
2185,1
2186,1
2187,1
2188,0
2189,1
2190,1
2191,0
2192,0
2193,1
2194,0
2195,0
2196,0
2197,0
2198,1
2199,1
2200,1
2201,1
2202,1
2203,1
2204,0
2205,1
2206,1
2207,0
2208,0
2209,0
2210,1
2211,1
2212,0
2213,1
2214,0
2215,1
2216,1
2217,1
2218,0
2219,1
2220,1
2221,0
2222,0
2223,0
2224,0
2225,0
2226,1
2227,1
2228,0
2229,1
2230,1
2231,0
2232,1
2233,1
2234,1
2235,0
2236,1
2237,1
2238,1
2239,1
2240,1
2241,0
2242,0
2243,1
2244,1
2245,1
2246,0
2247,1
2248,1
2249,0
2250,1
2251,1
2252,1
2253,1
2254,0
2255,1
2256,1
2257,1
2258,0
2259,1
2260,1
2261,1
2262,1
2263,1
2264,0
2265,0
2266,0
2267,1
2268,0
2269,0
2270,0
2271,1
2272,1
2273,1
2274,1
2275,1
2276,0
2277,1
2278,0
2279,1
2280,0
2281,1
2282,0
2283,1
2284,1
2285,1
2286,0
2287,1
2288,1
2289,1
2290,0
2291,1
2292,1
2293,1
2294,1
2295,0
2296,0
2297,1
2298,1
2299,1
2300,0
2301,0
2302,0
2303,1
2304,0
2305,1
2306,0
2307,1
2308,1
2309,1
2310,1
2311,1
2312,0
2313,0
2314,1
2315,1
2316,0
2317,1
2318,1
2319,1
2320,1
2321,1
2322,1
2323,0
2324,1
2325,1
2326,1
2327,1
2328,1
2329,0
2330,0
2331,1
2332,1
2333,0
2334,0
2335,0
2336,0
2337,1
2338,1
2339,1
2340,0
2341,1
2342,1
2343,1
2344,1
2345,1
2346,1
2347,0
2348,1
2349,1
2350,1
2351,1
2352,0
2353,1
2354,1
2355,1
2356,1
2357,0
2358,1
2359,0
2360,1
2361,1
2362,0
2363,0
2364,1
2365,1
2366,1
2367,0
2368,1
2369,1
2370,1
2371,0
2372,1
2373,1
2374,0
2375,0
2376,1
2377,1
2378,0
2379,1
2380,0
2381,1
2382,0
2383,1
2384,1
2385,1
2386,1
2387,1
2388,1
2389,1
2390,1
2391,1
2392,0
2393,1
2394,0
2395,0
2396,1
2397,0
2398,0
2399,0
2400,0
2401,1
2402,1
2403,1
2404,1
2405,1
2406,1
2407,1
2408,1
2409,1
2410,1
2411,1
2412,1
2413,1
2414,0
2415,1
2416,1
2417,1
2418,0
2419,0
2420,1
2421,1
2422,0
2423,1
2424,1
2425,0
2426,0
2427,1
2428,0
2429,1
2430,1
2431,0
2432,1
2433,0
2434,1
2435,1
2436,0
2437,1
2438,1
2439,1
2440,0
2441,1
2442,0
2443,1
2444,1
2445,0
2446,1
2447,0
2448,1
2449,0
2450,0
2451,1
2452,1
2453,0
2454,1
2455,1
2456,0
2457,0
2458,1
2459,0
2460,0
2461,1
2462,1
2463,1
2464,0
2465,0
2466,0
2467,0
2468,0
2469,0
2470,1
2471,1
2472,0
2473,0
2474,1
2475,1
2476,1
2477,1
2478,1
2479,0
2480,1
2481,0
2482,1
2483,1
2484,1
2485,1
2486,1
2487,1
2488,1
2489,1
2490,1
2491,1
2492,1
2493,1
2494,0
2495,1
2496,1
2497,1
2498,1
2499,0
2500,1
2501,0
2502,1
2503,1
2504,1
2505,0
2506,1
2507,1
2508,1
2509,1
2510,1
2511,1
2512,0
2513,1
2514,1
2515,1
2516,0
2517,0
2518,1
2519,1
2520,1
2521,1
2522,0
2523,0
2524,1
2525,1
2526,1
2527,1
2528,1
2529,0
2530,1
2531,1
2532,1
2533,0
2534,0
2535,1
2536,1
2537,1
2538,1
2539,1
2540,1
2541,0
2542,1
2543,0
2544,0
2545,0
2546,0
2547,0
2548,1
2549,1
2550,0
2551,1
2552,1
2553,1
2554,0
2555,0
2556,0
2557,0
2558,1
2559,0
2560,0
2561,0
2562,0
2563,1
2564,1
2565,0
2566,1
2567,1
2568,0
2569,1
2570,1
2571,0
2572,0
2573,1
2574,0
2575,0
2576,1
2577,1
2578,1
2579,0
2580,1
2581,1
2582,1
2583,1
2584,1
2585,1
2586,1
2587,1
2588,1
2589,0
2590,1
2591,0
2592,0
2593,1
2594,1
2595,1
2596,1
2597,0
2598,1
2599,1
2600,0
2601,1
2602,1
2603,0
2604,0
2605,0
2606,1
2607,0
2608,1
2609,0
2610,1
2611,1
2612,1
2613,0
2614,0
2615,1
2616,0
2617,0
2618,1
2619,0
2620,0
2621,0
2622,0
2623,0
2624,0
2625,0
2626,1
2627,0
2628,1
2629,1
2630,1
2631,1
2632,0
2633,1
2634,0
2635,1
2636,1
2637,1
2638,0
2639,1
2640,1
2641,0
2642,0
2643,0
2644,1
2645,1
2646,1
2647,0
2648,1
2649,1
2650,0
2651,0
2652,0
2653,0
2654,1
2655,1
2656,1
2657,1
2658,0
2659,1
2660,0
2661,0
2662,0
2663,0
2664,0
2665,1
2666,1
2667,1
2668,0
2669,1
2670,1
2671,1
2672,1
2673,1
2674,0
2675,0
2676,1
2677,0
2678,1
2679,0
2680,1
2681,1
2682,0
2683,0
2684,1
2685,1
2686,1
2687,0
2688,1
2689,0
2690,1
2691,1
2692,1
2693,0
2694,1
2695,1
2696,1
2697,1
2698,1
2699,1
2700,1
2701,0
2702,1
2703,1
2704,1
2705,0
2706,1
2707,1
2708,1
2709,0
2710,1
2711,0
2712,1
2713,1
2714,1
2715,1
2716,1
2717,0
2718,0
2719,1
2720,1
2721,1
2722,1
2723,1
2724,1
2725,1
2726,0
2727,0
2728,1
2729,1
2730,1
2731,0
2732,0
2733,1
2734,0
2735,1
2736,0
2737,1
2738,1
2739,0
2740,0
2741,1
2742,1
2743,1
2744,1
2745,1
2746,1
2747,0
2748,1
2749,0
2750,1
2751,0
2752,1
2753,0
2754,0
2755,1
2756,1
2757,1
2758,1
2759,1
2760,1
2761,1
2762,0
2763,0
2764,1
2765,1
2766,0
2767,1
2768,1
2769,1
2770,1
2771,0
2772,1
2773,1
2774,1
2775,1
2776,1
2777,1
2778,0
2779,1
2780,1
2781,1
2782,0
2783,0
2784,0
2785,1
2786,0
2787,1
2788,1
2789,1
2790,1
2791,0
2792,1
2793,0
2794,0
2795,0
2796,1
2797,1
2798,1
2799,0
2800,1
2801,0
2802,1
2803,0
2804,1
2805,1
2806,0
2807,1
2808,1
2809,0
2810,0
2811,1
2812,1
2813,0
2814,0
2815,1
2816,1
2817,1
2818,1
2819,1
2820,1
2821,1
2822,1
2823,1
2824,1
2825,1
2826,1
2827,1
2828,1
2829,0
2830,1
2831,1
2832,1
2833,0
2834,1
2835,1
2836,0
2837,1
2838,1
2839,1
2840,1
2841,1
2842,0
2843,1
2844,0
2845,0
2846,0
2847,1
2848,1
2849,1
2850,0
2851,1
2852,0
2853,1
2854,1
2855,1
2856,1
2857,1
2858,1
2859,0
2860,1
2861,1
2862,1
2863,1
2864,1
2865,1
2866,1
2867,1
2868,0
2869,1
2870,1
2871,0
2872,0
2873,1
2874,1
2875,1
2876,1
2877,0
2878,1
2879,1
2880,1
2881,1
2882,0
2883,1
2884,1
2885,0
2886,1
2887,1
2888,1
2889,1
2890,1
2891,1
2892,1
2893,0
2894,1
2895,0
2896,1
2897,1
2898,0
2899,1
2900,1
2901,0
2902,0
2903,1
2904,1
2905,0
2906,0
2907,0
2908,1
2909,1
2910,0
2911,1
2912,0
2913,1
2914,1
2915,1
2916,1
2917,1
2918,1
2919,1
2920,1
2921,1
2922,0
2923,1
2924,1
2925,1
2926,1
2927,1
2928,0
2929,1
2930,0
2931,0
2932,1
2933,1
2934,0
2935,1
2936,0
2937,1
2938,1
2939,0
2940,0
2941,0
2942,1
2943,1
2944,0
2945,0
2946,1
2947,1
2948,0
2949,1
2950,0
2951,0
2952,1
2953,1
2954,1
2955,1
2956,0
2957,0
2958,1
2959,0
2960,1
2961,1
2962,1
2963,0
2964,1
2965,1
2966,0
2967,1
2968,0
2969,1
2970,1
2971,0
2972,1
2973,1
2974,0
2975,0
2976,1
2977,0
2978,0
2979,1
2980,0
2981,0
2982,1
2983,0
2984,1
2985,1
2986,1
2987,1
2988,0
2989,0
2990,1
2991,1
2992,1
2993,1
2994,1
2995,1
2996,1
2997,0
2998,1
2999,1
3000,1
3001,1
3002,1
3003,1
3004,0
3005,0
3006,0
3007,0
3008,0
3009,1
3010,0
3011,1
3012,1
3013,1
3014,1
3015,0
3016,0
3017,1
3018,1
3019,1
3020,1
3021,1
3022,0
3023,1
3024,0
3025,1
3026,0
3027,0
3028,0
3029,0
3030,1
3031,0
3032,1
3033,0
3034,1
3035,1
3036,1
3037,1
3038,1
3039,1
3040,1
3041,0
3042,1
3043,1
3044,1
3045,0
3046,0
3047,0
3048,1
3049,1
3050,0
3051,0
3052,0
3053,0
3054,0
3055,0
3056,1
3057,0
3058,0
3059,0
3060,1
3061,1
3062,1
3063,1
3064,0
3065,1
3066,1
3067,1
3068,1
3069,1
3070,1
3071,0
3072,1
3073,1
3074,1
3075,0
3076,0
3077,0
3078,0
3079,1
3080,1
3081,1
3082,0
3083,1
3084,1
3085,1
3086,0
3087,1
3088,1
3089,1
3090,1
3091,1
3092,1
3093,0
3094,1
3095,1
3096,0
3097,1
3098,1
3099,1
3100,1
3101,1
3102,1
3103,1
3104,1
3105,1
3106,1
3107,0
3108,0
3109,1
3110,0
3111,0
3112,1
3113,1
3114,0
3115,1
3116,1
3117,0
3118,0
3119,1
3120,1
3121,0
3122,1
3123,1
3124,1
3125,1
3126,0
3127,1
3128,1
3129,0
3130,0
3131,1
3132,1
3133,1
3134,0
3135,0
3136,0
3137,1
3138,0
3139,0
3140,1
3141,1
3142,1
3143,1
3144,0
3145,1
3146,1
3147,1
3148,0
3149,0
3150,1
3151,1
3152,1
3153,0
3154,1
3155,1
3156,0
3157,1
3158,1
3159,0
3160,0
3161,0
3162,0
3163,1
3164,1
3165,1
3166,0
3167,1
3168,1
3169,1
3170,1
3171,0
3172,0
3173,1
3174,1
3175,0
3176,1
3177,0
3178,1
3179,1
3180,1
3181,1
3182,1
3183,0
3184,1
3185,1
3186,0
3187,0
3188,1
3189,1
3190,1
3191,1
3192,1
3193,1
3194,1
3195,1
3196,1
3197,1
3198,1
3199,1
3200,1
3201,1
3202,0
3203,1
3204,0
3205,1
3206,1
3207,1
3208,0
3209,1
3210,1
3211,1
3212,1
3213,0
3214,1
3215,1
3216,0
3217,1
3218,0
3219,1
3220,1
3221,1
3222,1
3223,1
3224,1
3225,1
3226,1
3227,1
3228,1
3229,1
3230,0
3231,1
3232,1
3233,0
3234,1
3235,0
3236,1
3237,1
3238,1
3239,1
3240,1
3241,1
3242,1
3243,1
3244,1
3245,1
3246,0
3247,1
3248,0
3249,1
3250,1
3251,1
3252,1
3253,1
3254,1
3255,0
3256,1
3257,0
3258,0
3259,0
3260,0
3261,0
3262,0
3263,1
3264,1
3265,1
3266,1
3267,1
3268,0
3269,1
3270,0
3271,0
3272,0
3273,0
3274,1
3275,1
3276,1
3277,0
3278,1
3279,1
3280,0
3281,1
3282,1
3283,1
3284,1
3285,1
3286,0
3287,1
3288,1
3289,0
3290,1
3291,1
3292,1
3293,1
3294,1
3295,0
3296,1
3297,1
3298,1
3299,1
3300,1
3301,1
3302,1
3303,1
3304,0
3305,0
3306,1
3307,1
3308,1
3309,1
3310,0
3311,1
3312,1
3313,0
3314,1
3315,0
3316,0
3317,1
3318,0
3319,1
3320,1
3321,0
3322,0
3323,1
3324,1
3325,0
3326,1
3327,0
3328,0
3329,0
3330,0
3331,0
3332,1
3333,1
3334,1
3335,1
3336,1
3337,0
3338,1
3339,1
3340,0
3341,0
3342,1
3343,0
3344,1
3345,1
3346,1
3347,1
3348,1
3349,0
3350,0
3351,0
3352,1
3353,0
3354,1
3355,0
3356,0
3357,1
3358,0
3359,1
3360,1
3361,0
3362,0
3363,0
3364,0
3365,1
3366,1
3367,1
3368,1
3369,1
3370,0
3371,1
3372,1
3373,0
3374,0
3375,1
3376,0
3377,1
3378,1
3379,1
3380,1
3381,0
3382,1
3383,1
3384,0
3385,1
3386,0
3387,0
3388,1
3389,0
3390,1
3391,0
3392,1
3393,1
3394,0
3395,1
3396,1
3397,0
3398,0
3399,0
3400,1
3401,1
3402,1
3403,1
3404,1
3405,1
3406,1
3407,1
3408,1
3409,1
3410,1
3411,0
3412,0
3413,1
3414,1
3415,1
3416,1
3417,0
3418,0
3419,1
3420,1
3421,1
3422,1
3423,1
3424,0
3425,0
3426,1
3427,0
3428,0
3429,1
3430,1
3431,1
3432,1
3433,1
3434,1
3435,1
3436,0
3437,1
3438,1
3439,1
3440,1
3441,1
3442,1
3443,1
3444,0
3445,0
3446,1
3447,0
3448,1
3449,1
3450,1
3451,1
3452,1
3453,1
3454,1
3455,0
3456,1
3457,0
3458,0
3459,1
3460,0
3461,0
3462,0
3463,0
3464,1
3465,1
3466,1
3467,1
3468,0
3469,1
3470,1
3471,1
3472,1
3473,0
3474,1
3475,1
3476,1
3477,1
3478,1
3479,1
3480,1
3481,1
3482,1
3483,1
3484,0
3485,0
3486,0
3487,1
3488,1
3489,0
3490,1
3491,1
3492,0
3493,0
3494,1
3495,1
3496,1
3497,1
3498,0
3499,1
3500,0
3501,0
3502,0
3503,1
3504,0
3505,1
3506,1
3507,0
3508,1
3509,1
3510,1
3511,0
3512,1
3513,1
3514,1
3515,1
3516,0
3517,1
3518,0
3519,1
3520,1
3521,0
3522,1
3523,0
3524,1
3525,1
3526,1
3527,0
3528,1
3529,0
3530,0
3531,0
3532,0
3533,0
3534,1
3535,1
3536,1
3537,0
3538,0
3539,1
3540,0
3541,0
3542,1
3543,1
3544,1
3545,1
3546,1
3547,1
3548,1
3549,1
3550,0
3551,1
3552,1
3553,1
3554,1
3555,1
3556,1
3557,1
3558,0
3559,0
3560,1
3561,1
3562,0
3563,1
3564,1
3565,1
3566,1
3567,1
3568,1
3569,1
3570,1
3571,1
3572,1
3573,0
3574,1
3575,1
3576,1
3577,1
3578,0
3579,0
3580,0
3581,1
3582,1
3583,1
3584,1
3585,0
3586,1
3587,1
3588,0
3589,1
3590,1
3591,0
3592,1
3593,0
3594,1
3595,1
3596,1
3597,1
3598,0
3599,1
3600,1
3601,1
3602,1
3603,1
3604,1
3605,1
3606,0
3607,1
3608,0
3609,0
3610,0
3611,0
3612,1
3613,1
3614,0
3615,1
3616,1
3617,0
3618,1
3619,1
3620,0
3621,0
3622,1
3623,1
3624,1
3625,0
3626,1
3627,0
3628,1
3629,1
3630,1
3631,1
3632,1
3633,1
3634,1
3635,1
3636,1
3637,0
3638,0
3639,0
3640,1
3641,0
3642,0
3643,1
3644,0
3645,1
3646,1
3647,1
3648,1
3649,0
3650,1
3651,1
3652,0
3653,1
3654,0
3655,1
3656,1
3657,0
3658,1
3659,0
3660,1
3661,0
3662,1
3663,1
3664,1
3665,1
3666,1
3667,0
3668,1
3669,1
3670,1
3671,1
3672,1
3673,1
3674,1
3675,0
3676,0
3677,0
3678,1
3679,1
3680,0
3681,1
3682,1
3683,0
3684,1
3685,1
3686,1
3687,0
3688,1
3689,0
3690,0
3691,1
3692,0
3693,0
3694,1
3695,0
3696,0
3697,0
3698,0
3699,1
3700,1
3701,1
3702,0
3703,0
3704,0
3705,1
3706,1
3707,0
3708,1
3709,0
3710,1
3711,1
3712,0
3713,1
3714,1
3715,0
3716,1
3717,1
3718,0
3719,1
3720,1
3721,1
3722,0
3723,1
3724,1
3725,1
3726,1
3727,1
3728,1
3729,1
3730,0
3731,1
3732,0
3733,0
3734,1
3735,0
3736,0
3737,1
3738,1
3739,0
3740,1
3741,1
3742,0
3743,1
3744,1
3745,0
3746,1
3747,1
3748,1
3749,0
3750,1
3751,0
3752,1
3753,1
3754,0
3755,1
3756,0
3757,0
3758,0
3759,0
3760,1
3761,0
3762,1
3763,1
3764,1
3765,1
3766,1
3767,1
3768,1
3769,1
3770,1
3771,0
3772,1
3773,1
3774,1
3775,1
3776,1
3777,1
3778,0
3779,1
3780,1
3781,0
3782,1
3783,1
3784,0
3785,1
3786,1
3787,1
3788,1
3789,1
3790,1
3791,0
3792,1
3793,0
3794,1
3795,0
3796,0
3797,1
3798,1
3799,1
3800,1
3801,0
3802,1
3803,0
3804,1
3805,1
3806,1
3807,1
3808,1
3809,0
3810,1
3811,1
3812,1
3813,1
3814,0
3815,1
3816,1
3817,1
3818,1
3819,1
3820,0
3821,1
3822,1
3823,1
3824,0
3825,0
3826,1
3827,0
3828,1
3829,1
3830,0
3831,1
3832,0
3833,0
3834,0
3835,1
3836,1
3837,1
3838,1
3839,1
3840,1
3841,1
3842,1
3843,1
3844,0
3845,0
3846,0
3847,1
3848,1
3849,1
3850,0
3851,1
3852,0
3853,0
3854,0
3855,0
3856,0
3857,1
3858,1
3859,0
3860,1
3861,1
3862,1
3863,0
3864,1
3865,0
3866,1
3867,1
3868,1
3869,1
3870,1
3871,1
3872,1
3873,0
3874,1
3875,1
3876,1
3877,1
3878,0
3879,1
3880,1
3881,1
3882,1
3883,1
3884,1
3885,1
3886,1
3887,1
3888,1
3889,1
3890,0
3891,0
3892,0
3893,1
3894,1
3895,1
3896,0
3897,0
3898,1
3899,1
3900,1
3901,1
3902,1
3903,1
3904,0
3905,0
3906,0
3907,0
3908,0
3909,1
3910,0
3911,0
3912,0
3913,0
3914,1
3915,1
3916,1
3917,0
3918,1
3919,1
3920,1
3921,1
3922,0
3923,1
3924,0
3925,0
3926,1
3927,1
3928,1
3929,0
3930,0
3931,1
3932,1
3933,1
3934,1
3935,1
3936,0
3937,1
3938,1
3939,1
3940,1
3941,1
3942,1
3943,1
3944,1
3945,0
3946,1
3947,1
3948,1
3949,1
3950,1
3951,1
3952,0
3953,1
3954,1
3955,1
3956,1
3957,1
3958,1
3959,1
3960,0
3961,1
3962,0
3963,1
3964,0
3965,0
3966,1
3967,1
3968,0
3969,1
3970,1
3971,1
3972,1
3973,1
3974,1
3975,1
3976,1
3977,0
3978,0
3979,0
3980,1
3981,1
3982,1
3983,1
3984,0
3985,1
3986,1
3987,1
3988,1
3989,0
3990,1
3991,1
3992,1
3993,1
3994,1
3995,1
3996,1
3997,0
3998,1
3999,1
4000,1
4001,1
4002,1
4003,0
4004,1
4005,0
4006,1
4007,0
4008,1
4009,1
4010,0
4011,1
4012,1
4013,0
4014,1
4015,1
4016,1
4017,1
4018,0
4019,1
4020,1
4021,0
4022,1
4023,0
4024,1
4025,1
4026,1
4027,1
4028,1
4029,0
4030,0
4031,1
4032,0
4033,0
4034,0
4035,1
4036,0
4037,1
4038,1
4039,0
4040,0
4041,1
4042,0
4043,0
4044,1
4045,1
4046,1
4047,1
4048,0
4049,1
4050,1
4051,0
4052,1
4053,0
4054,0
4055,0
4056,1
4057,0
4058,0
4059,1
4060,1
4061,1
4062,1
4063,1
4064,0
4065,1
4066,0
4067,0
4068,1
4069,0
4070,1
4071,0
4072,1
4073,1
4074,1
4075,1
4076,1
4077,0
4078,1
4079,1
4080,1
4081,0
4082,1
4083,0
4084,0
4085,1
4086,1
4087,0
4088,1
4089,1
4090,1
4091,0
4092,1
4093,1
4094,1
4095,1
4096,0
4097,1
4098,0
4099,1
4100,0
4101,0
4102,1
4103,0
4104,0
4105,0
4106,1
4107,1
4108,1
4109,1
4110,1
4111,1
4112,1
4113,1
4114,1
4115,1
4116,1
4117,1
4118,1
4119,0
4120,0
4121,1
4122,1
4123,1
4124,1
4125,1
4126,0
4127,1
4128,1
4129,1
4130,1
4131,1
4132,1
4133,1
4134,1
4135,1
4136,0
4137,1
4138,1
4139,1
4140,0
4141,1
4142,1
4143,1
4144,0
4145,0
4146,0
4147,1
4148,1
4149,1
4150,1
4151,0
4152,1
4153,1
4154,0
4155,1
4156,0
4157,0
4158,1
4159,0
4160,1
4161,1
4162,1
4163,1
4164,0
4165,1
4166,1
4167,1
4168,1
4169,1
4170,1
4171,0
4172,1
4173,0
4174,1
4175,1
4176,0
4177,1
4178,1
4179,1
4180,0
4181,0
4182,0
4183,1
4184,1
4185,0
4186,0
4187,1
4188,0
4189,0
4190,0
4191,1
4192,1
4193,1
4194,0
4195,1
4196,1
4197,1
4198,1
4199,0
4200,1
4201,1
4202,1
4203,1
4204,1
4205,1
4206,0
4207,1
4208,0
4209,1
4210,0
4211,1
4212,1
4213,1
4214,1
4215,1
4216,0
4217,0
4218,1
4219,0
4220,1
4221,1
4222,1
4223,0
4224,1
4225,1
4226,1
4227,0
4228,0
4229,1
4230,1
4231,1
4232,0
4233,0
4234,1
4235,0
4236,0
4237,0
4238,1
4239,1
4240,1
4241,1
4242,1
4243,1
4244,0
4245,1
4246,1
4247,1
4248,1
4249,0
4250,1
4251,1
4252,0
4253,1
4254,1
4255,0
4256,1
4257,1
4258,0
4259,1
4260,0
4261,1
4262,1
4263,0
4264,1
4265,1
4266,1
4267,1
4268,1
4269,1
4270,1
4271,0
4272,1
4273,1
4274,1
4275,1
4276,1
4277,0
4278,1
4279,0
4280,1
4281,1
4282,1
4283,0
4284,1
4285,1
4286,1
4287,1
4288,0
4289,1
4290,1
4291,1
4292,1
4293,1
4294,1
4295,1
4296,1
4297,1
4298,0
4299,1
4300,1
4301,1
4302,0
4303,1
4304,1
4305,1
4306,0
4307,1
4308,0
4309,1
4310,0
4311,1
4312,1
4313,1
4314,1
4315,1
4316,1
4317,1
4318,0
4319,1
4320,0
4321,0
4322,0
4323,1
4324,1
4325,0
4326,0
4327,0
4328,1
4329,1
4330,1
4331,1
4332,1
4333,1
4334,0
4335,1
4336,1
4337,0
4338,1
4339,0
4340,1
4341,0
4342,1
4343,1
4344,1
4345,0
4346,1
4347,0
4348,1
4349,0
4350,1
4351,1
4352,0
4353,1
4354,1
4355,0
4356,0
4357,1
4358,1
4359,0
4360,1
4361,0
4362,1
4363,0
4364,1
4365,1
4366,1
4367,1
4368,1
4369,0
4370,0
4371,1
4372,1
4373,1
4374,0
4375,0
4376,0
4377,0
4378,1
4379,1
4380,1
4381,1
4382,1
4383,1
4384,1
4385,1
4386,1
4387,1
4388,1
4389,0
4390,0
4391,0
4392,1
4393,1
4394,1
4395,1
4396,1
4397,1
4398,1
4399,1
4400,1
4401,1
4402,0
4403,1
4404,1
4405,0
4406,1
4407,1
4408,1
4409,0
4410,0
4411,0
4412,1
4413,0
4414,0
4415,1
4416,1
4417,0
4418,0
4419,0
4420,1
4421,0
4422,1
4423,1
4424,0
4425,1
4426,1
4427,1
4428,1
4429,1
4430,0
4431,0
4432,0
4433,0
4434,0
4435,0
4436,1
4437,1
4438,1
4439,0
4440,1
4441,1
4442,0
4443,1
4444,1
4445,0
4446,1
4447,1
4448,1
4449,1
4450,1
4451,1
4452,1
4453,1
4454,1
4455,1
4456,1
4457,1
4458,1
4459,1
4460,0
4461,0
4462,0
4463,1
4464,0
4465,1
4466,1
4467,0
4468,0
4469,1
4470,1
4471,1
4472,1
4473,1
4474,1
4475,1
4476,1
4477,0
4478,1
4479,0
4480,0
4481,0
4482,0
4483,1
4484,1
4485,1
4486,0
4487,1
4488,1
4489,1
4490,1
4491,1
4492,0
4493,1
4494,0
4495,1
4496,1
4497,1
4498,1
4499,1
4500,1
4501,1
4502,0
4503,0
4504,1
4505,1
4506,1
4507,1
4508,1
4509,1
4510,1
4511,1
4512,0
4513,1
4514,1
4515,1
4516,1
4517,1
4518,1
4519,1
4520,1
4521,0
4522,1
4523,0
4524,0
4525,0
4526,1
4527,1
4528,1
4529,1
4530,1
4531,1
4532,0
4533,1
4534,0
4535,1
4536,0
4537,1
4538,1
4539,1
4540,1
4541,1
4542,0
4543,0
4544,0
4545,1
4546,0
4547,1
4548,1
4549,1
4550,1
4551,0
4552,0
4553,1
4554,0
4555,1
4556,0
4557,1
4558,1
4559,1
4560,1
4561,1
4562,0
4563,1
4564,1
4565,1
4566,1
4567,1
4568,0
4569,1
4570,1
4571,1
4572,0
4573,1
4574,0
4575,0
4576,1
4577,1
4578,1
4579,1
4580,1
4581,1
4582,1
4583,0
4584,0
4585,1
4586,1
4587,1
4588,1
4589,1
4590,1
4591,1
4592,1
4593,1
4594,0
4595,1
4596,1
4597,1
4598,1
4599,0
4600,0
4601,1
4602,0
4603,1
4604,1
4605,1
4606,1
4607,1
4608,1
4609,1
4610,0
4611,1
4612,1
4613,1
4614,1
4615,0
4616,1
4617,0
4618,1
4619,1
4620,1
4621,0
4622,0
4623,1
4624,0
4625,1
4626,1
4627,1
4628,0
4629,0
4630,1
4631,1
4632,1
4633,1
4634,0
4635,0
4636,0
4637,1
4638,1
4639,0
4640,1
4641,0
4642,1
4643,1
4644,1
4645,0
4646,1
4647,1
4648,1
4649,1
4650,1
4651,0
4652,1
4653,0
4654,0
4655,0
4656,0
4657,1
4658,1
4659,0
4660,1
4661,0
4662,0
4663,1
4664,1
4665,1
4666,0
4667,1
4668,1
4669,1
4670,0
4671,1
4672,0
4673,0
4674,1
4675,1
4676,0
4677,1
4678,0
4679,1
4680,0
4681,1
4682,1
4683,1
4684,0
4685,1
4686,1
4687,1
4688,1
4689,1
4690,1
4691,0
4692,1
4693,0
4694,1
4695,1
4696,1
4697,0
4698,0
4699,1
4700,0
4701,0
4702,1
4703,1
4704,1
4705,1
4706,0
4707,1
4708,1
4709,1
4710,1
4711,1
4712,0
4713,1
4714,1
4715,1
4716,0
4717,0
4718,1
4719,1
4720,0
4721,1
4722,1
4723,1
4724,1
4725,0
4726,1
4727,1
4728,1
4729,1
4730,1
4731,1
4732,0
4733,1
4734,1
4735,1
4736,1
4737,1
4738,1
4739,0
4740,1
4741,0
4742,0
4743,1
4744,1
4745,1
4746,0
4747,1
4748,0
4749,0
4750,0
4751,0
4752,1
4753,1
4754,1
4755,1
4756,1
4757,0
4758,1
4759,0
4760,1
4761,0
4762,1
4763,0
4764,1
4765,0
4766,0
4767,1
4768,1
4769,0
4770,1
4771,1
4772,1
4773,1
4774,1
4775,1
4776,1
4777,0
4778,1
4779,0
4780,0
4781,1
4782,0
4783,1
4784,1
4785,0
4786,0
4787,0
4788,1
4789,1
4790,1
4791,0
4792,1
4793,0
4794,1
4795,1
4796,0
4797,1
4798,1
4799,1
4800,1
4801,1
4802,1
4803,1
4804,1
4805,1
4806,0
4807,0
4808,1
4809,0
4810,1
4811,0
4812,1
4813,1
4814,1
4815,0
4816,1
4817,1
4818,1
4819,0
4820,1
4821,1
4822,0
4823,1
4824,1
4825,0
4826,1
4827,1
4828,1
4829,1
4830,1
4831,0
4832,1
4833,0
4834,0
4835,1
4836,0
4837,1
4838,1
4839,1
4840,1
4841,1
4842,0
4843,1
4844,0
4845,0
4846,1
4847,1
4848,1
4849,1
4850,1
4851,0
4852,0
4853,1
4854,0
4855,1
4856,1
4857,1
4858,1
4859,1
4860,1
4861,1
4862,0
4863,1
4864,0
4865,1
4866,1
4867,0
4868,1
4869,1
4870,1
4871,1
4872,0
4873,0
4874,1
4875,0
4876,1
4877,1
4878,1
4879,0
4880,0
4881,1
4882,0
4883,0
4884,1
4885,1
4886,1
4887,1
4888,1
4889,1
4890,1
4891,1
4892,1
4893,1
4894,0
4895,1
4896,1
4897,1
4898,1
4899,1
4900,0
4901,0
4902,1
4903,0
4904,0
4905,1
4906,0
4907,1
4908,1
4909,1
4910,1
4911,0
4912,1
4913,0
4914,1
4915,1
4916,1
4917,1
4918,0
4919,1
4920,1
4921,1
4922,1
4923,1
4924,1
4925,0
4926,1
4927,1
4928,0
4929,1
4930,1
4931,1
4932,1
4933,0
4934,1
4935,0
4936,0
4937,0
4938,1
4939,0
4940,0
4941,0
4942,1
4943,0
4944,0
4945,1
4946,1
4947,0
4948,1
4949,1
4950,1
4951,0
4952,1
4953,1
4954,0
4955,0
4956,1
4957,1
4958,0
4959,1
4960,1
4961,1
4962,0
4963,0
4964,0
4965,1
4966,0
4967,1
4968,1
4969,1
4970,1
4971,0
4972,0
4973,1
4974,0
4975,0
4976,1
4977,1
4978,0
4979,1
4980,0
4981,0
4982,1
4983,0
4984,1
4985,1
4986,0
4987,1
4988,1
4989,0
4990,1
4991,0
4992,1
4993,1
4994,1
4995,1
4996,1
4997,0
4998,0
4999,0
5000,1
5001,1
5002,0
5003,0
5004,0
5005,1
5006,0
5007,0
5008,1
5009,1
5010,1
5011,1
5012,0
5013,1
5014,1
5015,1
5016,0
5017,1
5018,1
5019,0
5020,0
5021,0
5022,1
5023,1
5024,1
5025,1
5026,1
5027,1
5028,1
5029,1
5030,0
5031,1
5032,1
5033,0
5034,0
5035,1
5036,1
5037,1
5038,1
5039,1
5040,1
5041,1
5042,1
5043,1
5044,1
5045,1
5046,1
5047,0
5048,0
5049,1
5050,0
5051,1
5052,0
5053,0
5054,1
5055,0
5056,1
5057,1
5058,0
5059,1
5060,1
5061,1
5062,1
5063,1
5064,0
5065,1
5066,1
5067,1
5068,1
5069,0
5070,1
5071,1
5072,0
5073,0
5074,1
5075,1
5076,0
5077,1
5078,1
5079,1
5080,0
5081,1
5082,1
5083,1
5084,0
5085,1
5086,0
5087,0
5088,1
5089,1
5090,1
5091,1
5092,1
5093,1
5094,1
5095,1
5096,1
5097,1
5098,1
5099,1
5100,1
5101,1
5102,1
5103,0
5104,1
5105,1
5106,1
5107,1
5108,1
5109,1
5110,1
5111,1
5112,1
5113,1
5114,1
5115,1
5116,1
5117,1
5118,0
5119,1
5120,0
5121,1
5122,1
5123,1
5124,0
5125,1
5126,0
5127,1
5128,0
5129,0
5130,0
5131,1
5132,1
5133,0
5134,0
5135,1
5136,1
5137,0
5138,1
5139,1
5140,1
5141,0
5142,1
5143,1
5144,1
5145,0
5146,1
5147,0
5148,0
5149,1
5150,0
5151,1
5152,1
5153,1
5154,0
5155,0
5156,1
5157,1
5158,1
5159,0
5160,1
5161,0
5162,0
5163,1
5164,1
5165,1
5166,1
5167,1
5168,1
5169,1
5170,1
5171,1
5172,1
5173,0
5174,1
5175,1
5176,1
5177,1
5178,1
5179,1
5180,1
5181,1
5182,1
5183,1
5184,1
5185,1
5186,1
5187,1
5188,0
5189,1
5190,0
5191,0
5192,1
5193,1
5194,0
5195,1
5196,0
5197,0
5198,1
5199,1
5200,1
5201,1
5202,1
5203,1
5204,1
5205,1
5206,1
5207,1
5208,1
5209,1
5210,1
5211,1
5212,1
5213,1
5214,0
5215,0
5216,0
5217,1
5218,0
5219,1
5220,1
5221,1
5222,1
5223,0
5224,1
5225,1
5226,1
5227,1
5228,0
5229,1
5230,0
5231,1
5232,1
5233,0
5234,1
5235,1
5236,1
5237,0
5238,0
5239,1
5240,1
5241,1
5242,1
5243,0
5244,1
5245,0
5246,1
5247,1
5248,1
5249,1
5250,1
5251,0
5252,0
5253,1
5254,1
5255,1
5256,0
5257,0
5258,0
5259,1
5260,1
5261,1
5262,0
5263,0
5264,1
5265,1
5266,1
5267,0
5268,1
5269,1
5270,1
5271,1
5272,0
5273,0
5274,1
5275,1
5276,1
5277,1
5278,1
5279,0
5280,1
5281,0
5282,1
5283,1
5284,1
5285,0
5286,1
5287,1
5288,1
5289,1
5290,1
5291,0
5292,0
5293,1
5294,1
5295,0
5296,0
5297,1
5298,1
5299,1
5300,0
5301,1
5302,1
5303,1
5304,0
5305,1
5306,1
5307,1
5308,1
5309,0
5310,0
5311,0
5312,1
5313,1
5314,1
5315,1
5316,1
5317,1
5318,0
5319,0
5320,1
5321,1
5322,1
5323,1
5324,0
5325,0
5326,1
5327,1
5328,1
5329,1
5330,1
5331,1
5332,1
5333,1
5334,1
5335,1
5336,0
5337,1
5338,0
5339,1
5340,1
5341,1
5342,1
5343,1
5344,1
5345,1
5346,0
5347,0
5348,1
5349,1
5350,1
5351,0
5352,1
5353,0
5354,0
5355,1
5356,0
5357,1
5358,0
5359,1
5360,0
5361,1
5362,0
5363,1
5364,0
5365,1
5366,1
5367,1
5368,0
5369,1
5370,0
5371,0
5372,0
5373,1
5374,1
5375,1
5376,0
5377,0
5378,0
5379,1
5380,0
5381,0
5382,1
5383,1
5384,0
5385,1
5386,0
5387,1
5388,1
5389,0
5390,1
5391,1
5392,0
5393,0
5394,1
5395,1
5396,1
5397,1
5398,1
5399,0
5400,0
5401,0
5402,1
5403,0
5404,0
5405,0
5406,0
5407,0
5408,1
5409,1
5410,1
5411,1
5412,1
5413,1
5414,1
5415,0
5416,1
5417,0
5418,0
5419,0
5420,0
5421,0
5422,0
5423,1
5424,1
5425,0
5426,1
5427,1
5428,1
5429,1
5430,1
5431,0
5432,1
5433,0
5434,1
5435,1
5436,0
5437,1
5438,1
5439,0
5440,1
5441,1
5442,0
5443,1
5444,1
5445,0
5446,1
5447,0
5448,1
5449,0
5450,0
5451,1
5452,1
5453,1
5454,0
5455,1
5456,1
5457,1
5458,1
5459,1
5460,1
5461,1
5462,0
5463,1
5464,1
5465,1
5466,0
5467,0
5468,1
5469,1
5470,1
5471,1
5472,0
5473,1
5474,1
5475,1
5476,0
5477,1
5478,0
5479,0
5480,1
5481,1
5482,0
5483,0
5484,0
5485,1
5486,1
5487,0
5488,0
5489,1
5490,1
5491,0
5492,0
5493,0
5494,1
5495,1
5496,1
5497,1
5498,1
5499,1
5500,1
5501,1
5502,0
5503,1
5504,1
5505,1
5506,1
5507,1
5508,1
5509,0
5510,0
5511,1
5512,0
5513,0
5514,1
5515,0
5516,1
5517,1
5518,1
5519,1
5520,0
5521,1
5522,1
5523,0
5524,0
5525,1
5526,0
5527,0
5528,1
5529,1
5530,0
5531,1
5532,1
5533,1
5534,0
5535,0
5536,0
5537,1
5538,1
5539,1
5540,0
5541,1
5542,1
5543,1
5544,1
5545,0
5546,0
5547,1
5548,1
5549,1
5550,0
5551,1
5552,1
5553,1
5554,1
5555,1
5556,0
5557,0
5558,1
5559,1
5560,0
5561,1
5562,1
5563,0
5564,1
5565,1
5566,0
5567,1
5568,1
5569,0
5570,1
5571,1
5572,1
5573,0
5574,1
5575,1
5576,0
5577,1
5578,1
5579,1
5580,1
5581,1
5582,0
5583,1
5584,0
5585,0
5586,1
5587,0
5588,1
5589,0
5590,1
5591,0
5592,0
5593,0
5594,1
5595,0
5596,0
5597,1
5598,1
5599,1
5600,1
5601,1
5602,0
5603,1
5604,0
5605,0
5606,1
5607,1
5608,1
5609,1
5610,1
5611,0
5612,0
5613,0
5614,1
5615,1
5616,1
5617,0
5618,0
5619,1
5620,0
5621,0
5622,1
5623,0
5624,1
5625,0
5626,1
5627,1
5628,1
5629,0
5630,1
5631,0
5632,1
5633,0
5634,0
5635,0
5636,0
5637,1
5638,1
5639,1
5640,1
5641,1
5642,1
5643,1
5644,1
5645,1
5646,1
5647,0
5648,1
5649,0
5650,1
5651,0
5652,0
5653,1
5654,0
5655,1
5656,1
5657,1
5658,0
5659,0
5660,0
5661,0
5662,0
5663,1
5664,1
5665,1
5666,1
5667,0
5668,1
5669,0
5670,1
5671,1
5672,1
5673,1
5674,1
5675,0
5676,1
5677,1
5678,0
5679,0
5680,1
5681,1
5682,0
5683,0
5684,1
5685,0
5686,1
5687,1
5688,1
5689,0
5690,0
5691,1
5692,1
5693,1
5694,1
5695,1
5696,1
5697,1
5698,1
5699,1
5700,1
5701,0
5702,1
5703,0
5704,0
5705,1
5706,0
5707,1
5708,1
5709,0
5710,1
5711,1
5712,1
5713,0
5714,1
5715,1
5716,1
5717,0
5718,1
5719,0
5720,0
5721,1
5722,1
5723,1
5724,0
5725,1
5726,0
5727,1
5728,0
5729,0
5730,0
5731,1
5732,1
5733,0
5734,1
5735,1
5736,1
5737,0
5738,0
5739,1
5740,1
5741,0
5742,1
5743,1
5744,0
5745,1
5746,1
5747,1
5748,1
5749,0
5750,1
5751,1
5752,1
5753,0
5754,0
5755,1
5756,1
5757,1
5758,0
5759,0
5760,1
5761,1
5762,1
5763,1
5764,1
5765,1
5766,1
5767,0
5768,1
5769,1
5770,0
5771,0
5772,1
5773,1
5774,0
5775,1
5776,1
5777,0
5778,0
5779,1
5780,0
5781,1
5782,1
5783,1
5784,0
5785,0
5786,1
5787,1
5788,1
5789,1
5790,1
5791,1
5792,0
5793,1
5794,1
5795,0
5796,0
5797,1
5798,0
5799,1
5800,1
5801,1
5802,1
5803,0
5804,1
5805,1
5806,1
5807,1
5808,1
5809,1
5810,0
5811,0
5812,0
5813,0
5814,1
5815,1
5816,1
5817,0
5818,0
5819,0
5820,0
5821,0
5822,1
5823,1
5824,1
5825,0
5826,0
5827,1
5828,1
5829,1
5830,1
5831,1
5832,0
5833,0
5834,1
5835,1
5836,1
5837,1
5838,0
5839,0
5840,0
5841,0
5842,1
5843,1
5844,0
5845,1
5846,1
5847,1
5848,0
5849,0
5850,1
5851,1
5852,1
5853,0
5854,0
5855,1
5856,0
5857,1
5858,0
5859,1
5860,1
5861,1
5862,0
5863,0
5864,0
5865,1
5866,0
5867,0
5868,0
5869,1
5870,1
5871,1
5872,0
5873,0
5874,1
5875,0
5876,1
5877,1
5878,1
5879,1
5880,1
5881,1
5882,0
5883,1
5884,1
5885,1
5886,1
5887,0
5888,1
5889,1
5890,0
5891,0
5892,1
5893,1
5894,0
5895,0
5896,0
5897,1
5898,1
5899,0
5900,0
5901,1
5902,1
5903,1
5904,0
5905,0
5906,0
5907,1
5908,0
5909,1
5910,1
5911,1
5912,0
5913,1
5914,1
5915,1
5916,1
5917,1
5918,0
5919,0
5920,0
5921,0
5922,0
5923,0
5924,1
5925,0
5926,1
5927,1
5928,1
5929,1
5930,1
5931,1
5932,0
5933,1
5934,0
5935,0
5936,0
5937,0
5938,1
5939,0
5940,1
5941,1
5942,0
5943,1
5944,0
5945,0
5946,1
5947,1
5948,1
5949,1
5950,1
5951,1
5952,0
5953,1
5954,0
5955,1
5956,1
5957,1
5958,1
5959,1
5960,1
5961,0
5962,1
5963,0
5964,1
5965,0
5966,1
5967,1
5968,0
5969,1
5970,1
5971,1
5972,0
5973,0
5974,1
5975,0
5976,0
5977,1
5978,0
5979,0
5980,1
5981,1
5982,1
5983,1
5984,1
5985,1
5986,1
5987,1
5988,0
5989,1
5990,1
5991,0
5992,1
5993,1
5994,1
5995,0
5996,1
5997,1
5998,1
5999,1
6000,1
6001,1
6002,1
6003,0
6004,0
6005,1
6006,0
6007,0
6008,0
6009,0
6010,1
6011,0
6012,1
6013,0
6014,1
6015,0
6016,1
6017,1
6018,1
6019,1
6020,1
6021,1
6022,0
6023,0
6024,1
6025,1
6026,1
6027,1
6028,1
6029,1
6030,1
6031,1
6032,1
6033,1
6034,1
6035,0
6036,1
6037,1
6038,0
6039,1
6040,1
6041,1
6042,0
6043,0
6044,1
6045,0
6046,1
6047,0
6048,0
6049,0
6050,0
6051,1
6052,1
6053,0
6054,1
6055,1
6056,1
6057,1
6058,1
6059,1
6060,0
6061,1
6062,1
6063,0
6064,1
6065,1
6066,0
6067,0
6068,0
6069,1
6070,1
6071,0
6072,0
6073,0
6074,1
6075,1
6076,1
6077,1
6078,1
6079,1
6080,0
6081,0
6082,0
6083,1
6084,0
6085,0
6086,0
6087,1
6088,0
6089,0
6090,0
6091,1
6092,0
6093,1
6094,0
6095,1
6096,1
6097,0
6098,0
6099,1
6100,1
6101,1
6102,0
6103,1
6104,0
6105,1
6106,0
6107,0
6108,0
6109,0
6110,0
6111,1
6112,0
6113,1
6114,1
6115,0
6116,0
6117,1
6118,0
6119,0
6120,0
6121,1
6122,1
6123,0
6124,1
6125,0
6126,1
6127,1
6128,1
6129,1
6130,1
6131,0
6132,1
6133,0
6134,1
6135,1
6136,0
6137,0
6138,0
6139,1
6140,0
6141,1
6142,1
6143,1
6144,1
6145,0
6146,0
6147,1
6148,1
6149,0
6150,1
6151,1
6152,0
6153,0
6154,1
6155,1
6156,1
6157,0
6158,0
6159,1
6160,1
6161,1
6162,0
6163,0
6164,1
6165,0
6166,1
6167,1
6168,1
6169,1
6170,0
6171,1
6172,1
6173,0
6174,1
6175,0
6176,0
6177,1
6178,1
6179,1
6180,1
6181,1
6182,0
6183,1
6184,1
6185,1
6186,1
6187,1
6188,1
6189,1
6190,0
6191,1
6192,0
6193,1
6194,1
6195,1
6196,0
6197,1
6198,0
6199,1
6200,1
6201,1
6202,1
6203,0
6204,1
6205,0
6206,1
6207,1
6208,0
6209,1
6210,0
6211,1
6212,0
6213,1
6214,1
6215,1
6216,1
6217,1
6218,1
6219,1
6220,1
6221,1
6222,1
6223,0
6224,0
6225,0
6226,0
6227,0
6228,1
6229,1
6230,0
6231,1
6232,0
6233,1
6234,0
6235,0
6236,0
6237,0
6238,0
6239,1
6240,0
6241,1
6242,1
6243,1
6244,1
6245,0
6246,1
6247,1
6248,1
6249,0
6250,1
6251,1
6252,1
6253,1
6254,1
6255,1
6256,1
6257,1
6258,1
6259,1
6260,0
6261,1
6262,1
6263,1
6264,1
6265,1
6266,1
6267,1
6268,1
6269,1
6270,1
6271,0
6272,0
6273,1
6274,0
6275,0
6276,1
6277,0
6278,1
6279,1
6280,1
6281,1
6282,0
6283,1
6284,1
6285,0
6286,1
6287,0
6288,0
6289,0
6290,0
6291,1
6292,0
6293,1
6294,1
6295,0
6296,1
6297,1
6298,1
6299,0
6300,1
6301,0
6302,0
6303,1
6304,1
6305,1
6306,1
6307,1
6308,0
6309,1
6310,0
6311,0
6312,1
6313,1
6314,1
6315,0
6316,1
6317,0
6318,1
6319,0
6320,0
6321,1
6322,1
6323,0
6324,1
6325,1
6326,1
6327,1
6328,1
6329,1
6330,1
6331,1
6332,0
6333,1
6334,1
6335,1
6336,0
6337,1
6338,0
6339,0
6340,0
6341,0
6342,1
6343,0
6344,1
6345,0
6346,0
6347,1
6348,1
6349,1
6350,1
6351,1
6352,1
6353,1
6354,1
6355,1
6356,0
6357,1
6358,0
6359,1
6360,1
6361,1
6362,1
6363,1
6364,1
6365,0
6366,1
6367,1
6368,0
6369,1
6370,0
6371,0
6372,1
6373,1
6374,1
6375,1
6376,1
6377,1
6378,1
6379,1
6380,0
6381,1
6382,1
6383,1
6384,1
6385,0
6386,0
6387,1
6388,1
6389,0
6390,0
6391,0
6392,1
6393,1
6394,1
6395,1
6396,0
6397,0
6398,0
6399,1
6400,1
6401,1
6402,1
6403,1
6404,0
6405,1
6406,1
6407,0
6408,1
6409,0
6410,1
6411,1
6412,1
6413,1
6414,1
6415,0
6416,1
6417,1
6418,1
6419,1
6420,0
6421,1
6422,1
6423,0
6424,1
6425,1
6426,1
6427,0
6428,0
6429,1
6430,0
6431,1
6432,1
6433,1
6434,1
6435,1
6436,1
6437,1
6438,0
6439,1
6440,1
6441,1
6442,0
6443,1
6444,1
6445,0
6446,0
6447,1
6448,1
6449,0
6450,1
6451,1
6452,1
6453,0
6454,0
6455,0
6456,0
6457,0
6458,1
6459,1
6460,1
6461,1
6462,0
6463,0
6464,1
6465,0
6466,1
6467,0
6468,1
6469,1
6470,1
6471,1
6472,1
6473,0
6474,0
6475,1
6476,1
6477,1
6478,1
6479,0
6480,1
6481,1
6482,1
6483,0
6484,1
6485,0
6486,0
6487,0
6488,0
6489,1
6490,1
6491,0
6492,0
6493,1
6494,0
6495,0
6496,0
6497,1
6498,0
6499,0
6500,0
6501,1
6502,1
6503,1
6504,1
6505,1
6506,0
6507,1
6508,1
6509,1
6510,1
6511,1
6512,0
6513,0
6514,0
6515,1
6516,1
6517,0
6518,1
6519,1
6520,1
6521,1
6522,1
6523,1
6524,0
6525,1
6526,1
6527,1
6528,0
6529,1
6530,0
6531,1
6532,1
6533,1
6534,0
6535,1
6536,0
6537,1
6538,1
6539,1
6540,0
6541,0
6542,1
6543,1
6544,1
6545,1
6546,1
6547,0
6548,0
6549,1
6550,1
6551,1
6552,1
6553,0
6554,1
6555,0
6556,1
6557,1
6558,1
6559,0
6560,1
6561,1
6562,0
6563,0
6564,0
6565,0
6566,0
6567,0
6568,0
6569,1
6570,0
6571,1
6572,1
6573,1
6574,1
6575,0
6576,0
6577,1
6578,1
6579,0
6580,0
6581,1
6582,0
6583,1
6584,1
6585,1
6586,1
6587,1
6588,1
6589,1
6590,1
6591,1
6592,1
6593,1
6594,0
6595,1
6596,1
6597,0
6598,1
6599,0
6600,0
6601,1
6602,0
6603,0
6604,0
6605,1
6606,1
6607,1
6608,1
6609,0
6610,1
6611,1
6612,1
6613,1
6614,1
6615,1
6616,0
6617,1
6618,0
6619,0
6620,1
6621,1
6622,1
6623,0
6624,1
6625,1
6626,0
6627,1
6628,0
6629,1
6630,1
6631,0
6632,1
6633,1
6634,1
6635,0
6636,1
6637,1
6638,0
6639,1
6640,1
6641,1
6642,1
6643,1
6644,1
6645,0
6646,1
6647,0
6648,1
6649,1
6650,1
6651,0
6652,1
6653,1
6654,1
6655,1
6656,1
6657,1
6658,1
6659,1
6660,1
6661,1
6662,1
6663,0
6664,1
6665,1
6666,1
6667,1
6668,1
6669,0
6670,1
6671,0
6672,1
6673,1
6674,1
6675,1
6676,1
6677,0
6678,1
6679,0
6680,0
6681,1
6682,1
6683,1
6684,1
6685,1
6686,1
6687,1
6688,0
6689,1
6690,1
6691,1
6692,1
6693,0
6694,1
6695,1
6696,0
6697,0
6698,1
6699,1
6700,1
6701,0
6702,0
6703,1
6704,1
6705,1
6706,1
6707,0
6708,1
6709,1
6710,1
6711,1
6712,0
6713,1
6714,1
6715,0
6716,1
6717,1
6718,0
6719,1
6720,0
6721,0
6722,1
6723,0
6724,0
6725,1
6726,1
6727,1
6728,1
6729,1
6730,0
6731,1
6732,1
6733,1
6734,0
6735,1
6736,0
6737,1
6738,1
6739,0
6740,0
6741,1
6742,1
6743,1
6744,1
6745,0
6746,1
6747,1
6748,1
6749,0
6750,0
6751,1
6752,1
6753,0
6754,0
6755,0
6756,1
6757,1
6758,1
6759,1
6760,1
6761,0
6762,0
6763,1
6764,1
6765,0
6766,1
6767,0
6768,0
6769,1
6770,1
6771,1
6772,1
6773,1
6774,0
6775,1
6776,0
6777,0
6778,0
6779,0
6780,0
6781,1
6782,1
6783,1
6784,1
6785,1
6786,0
6787,1
6788,1
6789,1
6790,1
6791,0
6792,1
6793,0
6794,1
6795,1
6796,0
6797,1
6798,1
6799,1
6800,0
6801,0
6802,1
6803,1
6804,1
6805,1
6806,0
6807,0
6808,1
6809,1
6810,0
6811,0
6812,1
6813,1
6814,1
6815,0
6816,0
6817,0
6818,0
6819,0
6820,1
6821,0
6822,0
6823,1
6824,0
6825,1
6826,1
6827,1
6828,1
6829,0
6830,1
6831,1
6832,1
6833,1
6834,0
6835,0
6836,1
6837,0
6838,0
6839,1
6840,0
6841,1
6842,0
6843,1
6844,1
6845,1
6846,1
6847,1
6848,1
6849,0
6850,1
6851,1
6852,1
6853,1
6854,1
6855,0
6856,1
6857,1
6858,0
6859,1
6860,1
6861,1
6862,1
6863,1
6864,1
6865,1
6866,0
6867,1
6868,1
6869,1
6870,1
6871,1
6872,0
6873,1
6874,1
6875,1
6876,0
6877,1
6878,1
6879,0
6880,0
6881,1
6882,0
6883,1
6884,0
6885,0
6886,0
6887,1
6888,1
6889,1
6890,0
6891,1
6892,0
6893,1
6894,0
6895,0
6896,1
6897,1
6898,1
6899,0
6900,1
6901,0
6902,0
6903,1
6904,1
6905,1
6906,0
6907,1
6908,1
6909,1
6910,0
6911,1
6912,1
6913,1
6914,0
6915,0
6916,1
6917,0
6918,1
6919,0
6920,0
6921,1
6922,1
6923,0
6924,0
6925,0
6926,1
6927,1
6928,0
6929,1
6930,0
6931,1
6932,1
6933,1
6934,0
6935,0
6936,1
6937,1
6938,1
6939,0
6940,1
6941,1
6942,1
6943,1
6944,1
6945,1
6946,1
6947,1
6948,1
6949,1
6950,0
6951,1
6952,1
6953,1
6954,1
6955,0
6956,1
6957,1
6958,1
6959,1
6960,1
6961,1
6962,1
6963,1
6964,0
6965,1
6966,1
6967,1
6968,0
6969,1
6970,1
6971,0
6972,0
6973,1
6974,1
6975,0
6976,1
6977,1
6978,1
6979,1
6980,1
6981,0
6982,1
6983,1
6984,1
6985,1
6986,1
6987,1
6988,1
6989,0
6990,1
6991,0
6992,1
6993,1
6994,1
6995,0
6996,0
6997,1
6998,0
6999,1
7000,0
7001,1
7002,1
7003,1
7004,1
7005,1
7006,1
7007,1
7008,0
7009,0
7010,1
7011,1
7012,1
7013,1
7014,0
7015,0
7016,1
7017,1
7018,0
7019,0
7020,1
7021,1
7022,1
7023,1
7024,1
7025,0
7026,1
7027,1
7028,0
7029,1
7030,1
7031,1
7032,1
7033,1
7034,1
7035,1
7036,1
7037,0
7038,1
7039,0
7040,1
7041,1
7042,0
7043,1
7044,0
7045,1
7046,1
7047,1
7048,1
7049,0
7050,1
7051,1
7052,1
7053,1
7054,1
7055,0
7056,1
7057,0
7058,1
7059,0
7060,1
7061,1
7062,1
7063,0
7064,1
7065,0
7066,0
7067,1
7068,0
7069,1
7070,1
7071,1
7072,1
7073,1
7074,1
7075,0
7076,1
7077,1
7078,1
7079,0
7080,1
7081,1
7082,1
7083,1
7084,0
7085,0
7086,0
7087,1
7088,1
7089,1
7090,1
7091,1
7092,1
7093,1
7094,1
7095,1
7096,1
7097,1
7098,1
7099,0
7100,1
7101,0
7102,1
7103,0
7104,1
7105,1
7106,1
7107,0
7108,0
7109,1
7110,1
7111,0
7112,1
7113,1
7114,0
7115,0
7116,1
7117,1
7118,1
7119,0
7120,1
7121,0
7122,1
7123,1
7124,0
7125,1
7126,0
7127,0
7128,1
7129,1
7130,0
7131,1
7132,1
7133,1
7134,0
7135,0
7136,0
7137,1
7138,1
7139,1
7140,1
7141,1
7142,1
7143,1
7144,1
7145,1
7146,1
7147,1
7148,0
7149,0
7150,1
7151,1
7152,1
7153,0
7154,0
7155,0
7156,0
7157,1
7158,0
7159,1
7160,1
7161,0
7162,1
7163,1
7164,1
7165,0
7166,0
7167,0
7168,1
7169,1
7170,1
7171,1
7172,1
7173,0
7174,1
7175,0
7176,1
7177,1
7178,0
7179,1
7180,0
7181,0
7182,1
7183,1
7184,1
7185,1
7186,1
7187,0
7188,1
7189,0
7190,0
7191,1
7192,1
7193,0
7194,1
7195,1
7196,1
7197,0
7198,0
7199,0
7200,0
7201,0
7202,1
7203,0
7204,0
7205,0
7206,1
7207,1
7208,1
7209,0
7210,0
7211,1
7212,0
7213,1
7214,1
7215,0
7216,1
7217,0
7218,1
7219,1
7220,1
7221,1
7222,0
7223,0
7224,1
7225,1
7226,0
7227,1
7228,1
7229,1
7230,1
7231,1
7232,1
7233,1
7234,0
7235,0
7236,0
7237,1
7238,1
7239,1
7240,0
7241,1
7242,1
7243,1
7244,1
7245,0
7246,0
7247,0
7248,1
7249,0
7250,0
7251,0
7252,1
7253,0
7254,1
7255,1
7256,1
7257,1
7258,0
7259,1
7260,1
7261,1
7262,0
7263,0
7264,1
7265,1
7266,1
7267,0
7268,1
7269,0
7270,1
7271,0
7272,1
7273,0
7274,0
7275,0
7276,1
7277,1
7278,1
7279,1
7280,0
7281,1
7282,0
7283,1
7284,0
7285,1
7286,1
7287,0
7288,1
7289,0
7290,1
7291,1
7292,0
7293,1
7294,1
7295,0
7296,0
7297,1
7298,0
7299,1
7300,1
7301,0
7302,1
7303,0
7304,1
7305,0
7306,1
7307,0
7308,1
7309,0
7310,1
7311,0
7312,1
7313,0
7314,1
7315,1
7316,1
7317,0
7318,0
7319,1
7320,0
7321,0
7322,1
7323,0
7324,0
7325,1
7326,1
7327,1
7328,0
7329,1
7330,1
7331,0
7332,1
7333,1
7334,1
7335,1
7336,0
7337,0
7338,1
7339,0
7340,1
7341,0
7342,1
7343,0
7344,0
7345,0
7346,0
7347,1
7348,1
7349,1
7350,1
7351,1
7352,0
7353,1
7354,1
7355,1
7356,0
7357,0
7358,1
7359,1
7360,0
7361,1
7362,1
7363,0
7364,1
7365,0
7366,0
7367,1
7368,1
7369,1
7370,1
7371,1
7372,1
7373,0
7374,1
7375,0
7376,0
7377,1
7378,1
7379,1
7380,1
7381,1
7382,1
7383,0
7384,0
7385,0
7386,1
7387,1
7388,1
7389,0
7390,1
7391,1
7392,1
7393,0
7394,0
7395,1
7396,1
7397,1
7398,1
7399,0
7400,1
7401,1
7402,1
7403,0
7404,1
7405,1
7406,1
7407,1
7408,1
7409,1
7410,1
7411,1
7412,1
7413,0
7414,0
7415,1
7416,1
7417,1
7418,1
7419,0
7420,0
7421,1
7422,0
7423,1
7424,1
7425,1
7426,1
7427,1
7428,0
7429,1
7430,1
7431,1
7432,1
7433,1
7434,0
7435,1
7436,1
7437,1
7438,0
7439,0
7440,1
7441,1
7442,0
7443,0
7444,0
7445,1
7446,1
7447,0
7448,1
7449,1
7450,1
7451,1
7452,0
7453,0
7454,0
7455,0
7456,1
7457,1
7458,0
7459,1
7460,0
7461,1
7462,1
7463,1
7464,0
7465,0
7466,1
7467,1
7468,1
7469,0
7470,1
7471,1
7472,0
7473,1
7474,1
7475,0
7476,1
7477,1
7478,1
7479,0
7480,1
7481,0
7482,1
7483,1
7484,1
7485,1
7486,1
7487,1
7488,1
7489,1
7490,1
7491,0
7492,1
7493,1
7494,0
7495,1
7496,1
7497,1
7498,1
7499,1
7500,1
7501,1
7502,1
7503,1
7504,0
7505,1
7506,0
7507,1
7508,0
7509,0
7510,1
7511,0
7512,1
7513,1
7514,1
7515,1
7516,0
7517,1
7518,0
7519,1
7520,1
7521,0
7522,0
7523,0
7524,1
7525,1
7526,0
7527,1
7528,0
7529,1
7530,1
7531,1
7532,1
7533,0
7534,1
7535,0
7536,1
7537,0
7538,0
7539,1
7540,0
7541,1
7542,1
7543,1
7544,1
7545,1
7546,1
7547,1
7548,0
7549,1
7550,0
7551,1
7552,1
7553,1
7554,0
7555,0
7556,1
7557,1
7558,1
7559,0
7560,1
7561,1
7562,1
7563,1
7564,1
7565,1
7566,1
7567,1
7568,1
7569,1
7570,1
7571,1
7572,0
7573,1
7574,1
7575,0
7576,0
7577,0
7578,1
7579,1
7580,0
7581,1
7582,0
7583,0
7584,1
7585,1
7586,1
7587,1
7588,0
7589,0
7590,1
7591,1
7592,1
7593,0
7594,1
7595,1
7596,1
7597,1
7598,1
7599,1
7600,1
7601,1
7602,1
7603,1
7604,1
7605,1
7606,1
7607,0
7608,1
7609,1
7610,1
7611,1
7612,0
7613,0
7614,1
7615,0
7616,0
7617,1
7618,1
7619,0
7620,1
7621,1
7622,1
7623,1
7624,1
7625,0
7626,1
7627,1
7628,0
7629,1
7630,1
7631,1
7632,1
7633,1
7634,1
7635,0
7636,0
7637,0
7638,1
7639,1
7640,0
7641,1
7642,1
7643,1
7644,1
7645,1
7646,1
7647,1
7648,1
7649,0
7650,0
7651,1
7652,1
7653,1
7654,0
7655,1
7656,1
7657,1
7658,1
7659,0
7660,1
7661,0
7662,1
7663,1
7664,0
7665,1
7666,0
7667,1
7668,1
7669,0
7670,1
7671,0
7672,1
7673,0
7674,0
7675,1
7676,0
7677,1
7678,1
7679,1
7680,1
7681,1
7682,1
7683,1
7684,1
7685,1
7686,1
7687,1
7688,1
7689,1
7690,1
7691,0
7692,0
7693,1
7694,1
7695,0
7696,1
7697,1
7698,1
7699,0
7700,1
7701,1
7702,1
7703,0
7704,0
7705,1
7706,1
7707,1
7708,1
7709,0
7710,0
7711,1
7712,0
7713,1
7714,1
7715,1
7716,1
7717,1
7718,0
7719,1
7720,0
7721,1
7722,1
7723,1
7724,1
7725,1
7726,1
7727,0
7728,0
7729,1
7730,0
7731,1
7732,1
7733,1
7734,1
7735,1
7736,1
7737,0
7738,0
7739,1
7740,1
7741,0
7742,1
7743,0
7744,1
7745,1
7746,1
7747,0
7748,1
7749,1
7750,1
7751,1
7752,1
7753,1
7754,0
7755,1
7756,0
7757,0
7758,0
7759,1
7760,0
7761,1
7762,0
7763,0
7764,1
7765,1
7766,1
7767,1
7768,1
7769,1
7770,1
7771,1
7772,1
7773,0
7774,1
7775,1
7776,1
7777,0
7778,1
7779,0
7780,1
7781,0
7782,1
7783,0
7784,1
7785,0
7786,0
7787,0
7788,1
7789,1
7790,0
7791,1
7792,1
7793,0
7794,0
7795,1
7796,1
7797,1
7798,0
7799,1
7800,0
7801,1
7802,0
7803,1
7804,1
7805,0
7806,1
7807,0
7808,1
7809,1
7810,1
7811,1
7812,1
7813,0
7814,1
7815,1
7816,0
7817,1
7818,0
7819,0
7820,1
7821,1
7822,1
7823,0
7824,0
7825,1
7826,1
7827,1
7828,1
7829,0
7830,1
7831,0
7832,1
7833,1
7834,1
7835,1
7836,1
7837,0
7838,1
7839,1
7840,1
7841,1
7842,0
7843,1
7844,0
7845,0
7846,1
7847,1
7848,0
7849,0
7850,1
7851,1
7852,0
7853,1
7854,0
7855,1
7856,0
7857,0
7858,1
7859,1
7860,1
7861,1
7862,1
7863,0
7864,0
7865,0
7866,1
7867,1
7868,0
7869,1
7870,1
7871,0
7872,1
7873,1
7874,0
7875,1
7876,1
7877,1
7878,1
7879,1
7880,0
7881,1
7882,1
7883,1
7884,0
7885,1
7886,0
7887,0
7888,1
7889,0
7890,0
7891,1
7892,1
7893,0
7894,1
7895,1
7896,1
7897,1
7898,1
7899,0
7900,1
7901,1
7902,1
7903,1
7904,1
7905,1
7906,0
7907,1
7908,0
7909,1
7910,0
7911,1
7912,0
7913,1
7914,1
7915,0
7916,1
7917,1
7918,1
7919,1
7920,0
7921,0
7922,0
7923,0
7924,0
7925,0
7926,0
7927,1
7928,1
7929,1
7930,1
7931,1
7932,1
7933,0
7934,1
7935,1
7936,0
7937,1
7938,0
7939,1
7940,1
7941,0
7942,0
7943,0
7944,0
7945,1
7946,1
7947,0
7948,0
7949,1
7950,1
7951,1
7952,0
7953,1
7954,1
7955,1
7956,1
7957,1
7958,1
7959,1
7960,0
7961,0
7962,1
7963,0
7964,0
7965,1
7966,0
7967,1
7968,1
7969,0
7970,0
7971,1
7972,1
7973,1
7974,0
7975,0
7976,0
7977,0
7978,1
7979,1
7980,1
7981,0
7982,1
7983,1
7984,1
7985,1
7986,1
7987,1
7988,0
7989,1
7990,1
7991,0
7992,1
7993,1
7994,1
7995,1
7996,1
7997,0
7998,1
7999,1
8000,1
8001,1
8002,1
8003,1
8004,1
8005,1
8006,1
8007,0
8008,0
8009,1
8010,0
8011,1
8012,0
8013,0
8014,1
8015,1
8016,1
8017,1
8018,0
8019,0
8020,1
8021,0
8022,1
8023,0
8024,1
8025,1
8026,0
8027,1
8028,1
8029,1
8030,1
8031,1
8032,0
8033,1
8034,0
8035,1
8036,1
8037,0
8038,1
8039,1
8040,1
8041,1
8042,1
8043,1
8044,0
8045,1
8046,1
8047,0
8048,1
8049,0
8050,1
8051,0
8052,0
8053,1
8054,1
8055,0
8056,1
8057,1
8058,1
8059,1
8060,0
8061,1
8062,1
8063,1
8064,0
8065,0
8066,0
8067,1
8068,1
8069,1
8070,1
8071,1
8072,1
8073,1
8074,0
8075,1
8076,1
8077,1
8078,0
8079,0
8080,0
8081,0
8082,0
8083,0
8084,1
8085,0
8086,0
8087,1
8088,1
8089,1
8090,1
8091,0
8092,1
8093,1
8094,1
8095,1
8096,0
8097,0
8098,1
8099,0
8100,0
8101,1
8102,0
8103,0
8104,0
8105,1
8106,1
8107,1
8108,1
8109,1
8110,1
8111,1
8112,1
8113,1
8114,0
8115,1
8116,1
8117,1
8118,0
8119,0
8120,1
8121,0
8122,1
8123,0
8124,0
8125,1
8126,1
8127,0
8128,0
8129,1
8130,1
8131,1
8132,1
8133,0
8134,1
8135,0
8136,1
8137,1
8138,1
8139,1
8140,1
8141,0
8142,0
8143,0
8144,0
8145,0
8146,1
8147,0
8148,1
8149,1
8150,0
8151,1
8152,1
8153,0
8154,0
8155,0
8156,1
8157,0
8158,1
8159,1
8160,1
8161,1
8162,1
8163,1
8164,1
8165,0
8166,0
8167,1
8168,0
8169,0
8170,0
8171,1
8172,1
8173,1
8174,1
8175,0
8176,1
8177,1
8178,0
8179,1
8180,0
8181,0
8182,1
8183,1
8184,0
8185,1
8186,1
8187,1
8188,0
8189,0
8190,1
8191,0
8192,0
8193,0
8194,1
8195,1
8196,1
8197,0
8198,1
8199,0
8200,0
8201,0
8202,0
8203,0
8204,1
8205,1
8206,0
8207,0
8208,1
8209,1
8210,0
8211,1
8212,1
8213,0
8214,0
8215,1
8216,1
8217,1
8218,1
8219,0
8220,1
8221,1
8222,0
8223,1
8224,0
8225,0
8226,0
8227,1
8228,1
8229,1
8230,1
8231,0
8232,1
8233,1
8234,1
8235,1
8236,0
8237,1
8238,1
8239,0
8240,0
8241,1
8242,1
8243,0
8244,1
8245,1
8246,1
8247,0
8248,1
8249,0
8250,1
8251,0
8252,1
8253,1
8254,1
8255,1
8256,0
8257,0
8258,0
8259,1
8260,1
8261,0
8262,0
8263,1
8264,1
8265,0
8266,1
8267,1
8268,0
8269,1
8270,0
8271,1
8272,0
8273,1
8274,1
8275,0
8276,1
8277,1
8278,1
8279,1
8280,1
8281,1
8282,1
8283,0
8284,0
8285,1
8286,1
8287,0
8288,1
8289,0
8290,1
8291,1
8292,1
8293,0
8294,1
8295,0
8296,0
8297,1
8298,1
8299,1
8300,1
8301,1
8302,0
8303,1
8304,0
8305,1
8306,0
8307,1
8308,1
8309,1
8310,0
8311,0
8312,0
8313,0
8314,1
8315,1
8316,1
8317,1
8318,1
8319,0
8320,0
8321,0
8322,1
8323,1
8324,1
8325,0
8326,0
8327,0
8328,0
8329,1
8330,0
8331,1
8332,1
8333,1
8334,1
8335,0
8336,1
8337,0
8338,1
8339,0
8340,0
8341,1
8342,0
8343,1
8344,1
8345,0
8346,1
8347,1
8348,0
8349,0
8350,1
8351,1
8352,0
8353,1
8354,1
8355,1
8356,0
8357,1
8358,1
8359,1
8360,0
8361,0
8362,0
8363,0
8364,1
8365,0
8366,1
8367,1
8368,1
8369,1
8370,0
8371,0
8372,1
8373,0
8374,1
8375,1
8376,1
8377,1
8378,1
8379,1
8380,1
8381,0
8382,1
8383,0
8384,0
8385,1
8386,1
8387,1
8388,0
8389,1
8390,0
8391,1
8392,1
8393,1
8394,1
8395,1
8396,1
8397,0
8398,1
8399,1
8400,1
8401,0
8402,1
8403,1
8404,0
8405,1
8406,1
8407,1
8408,1
8409,1
8410,1
8411,1
8412,1
8413,1
8414,0
8415,0
8416,0
8417,1
8418,1
8419,1
8420,1
8421,0
8422,1
8423,1
8424,0
8425,1
8426,0
8427,0
8428,0
8429,1
8430,0
8431,1
8432,1
8433,0
8434,1
8435,0
8436,1
8437,0
8438,0
8439,0
8440,0
8441,0
8442,1
8443,0
8444,1
8445,1
8446,1
8447,1
8448,1
8449,0
8450,1
8451,1
8452,1
8453,0
8454,1
8455,1
8456,1
8457,0
8458,1
8459,1
8460,0
8461,1
8462,1
8463,0
8464,1
8465,0
8466,1
8467,1
8468,1
8469,0
8470,1
8471,1
8472,0
8473,1
8474,1
8475,1
8476,0
8477,1
8478,1
8479,0
8480,1
8481,0
8482,0
8483,1
8484,1
8485,1
8486,1
8487,1
8488,1
8489,1
8490,0
8491,0
8492,0
8493,1
8494,1
8495,1
8496,1
8497,0
8498,1
8499,1
8500,1
8501,0
8502,1
8503,1
8504,1
8505,1
8506,1
8507,0
8508,0
8509,1
8510,0
8511,0
8512,1
8513,1
8514,0
8515,0
8516,0
8517,1
8518,1
8519,1
8520,1
8521,0
8522,1
8523,0
8524,1
8525,1
8526,1
8527,1
8528,1
8529,1
8530,1
8531,1
8532,1
8533,0
8534,0
8535,1
8536,0
8537,1
8538,1
8539,1
8540,1
8541,0
8542,0
8543,0
8544,1
8545,1
8546,0
8547,1
8548,1
8549,0
8550,0
8551,0
8552,1
8553,0
8554,1
8555,1
8556,1
8557,1
8558,0
8559,1
8560,0
8561,1
8562,1
8563,1
8564,0
8565,1
8566,1
8567,0
8568,0
8569,0
8570,0
8571,0
8572,0
8573,0
8574,0
8575,1
8576,1
8577,1
8578,1
8579,1
8580,1
8581,1
8582,1
8583,0
8584,1
8585,1
8586,0
8587,1
8588,0
8589,1
8590,1
8591,0
8592,1
8593,1
8594,1
8595,0
8596,0
8597,0
8598,1
8599,0
8600,0
8601,1
8602,1
8603,1
8604,1
8605,0
8606,0
8607,1
8608,1
8609,0
8610,0
8611,1
8612,1
8613,0
8614,1
8615,1
8616,1
8617,0
8618,0
8619,1
8620,1
8621,0
8622,1
8623,1
8624,0
8625,1
8626,1
8627,1
8628,1
8629,1
8630,1
8631,0
8632,1
8633,1
8634,1
8635,0
8636,0
8637,0
8638,1
8639,1
8640,0
8641,1
8642,0
8643,0
8644,1
8645,1
8646,0
8647,0
8648,1
8649,1
8650,0
8651,1
8652,1
8653,1
8654,0
8655,0
8656,1
8657,1
8658,0
8659,1
8660,0
8661,0
8662,0
8663,1
8664,0
8665,1
8666,0
8667,1
8668,0
8669,1
8670,1
8671,0
8672,1
8673,1
8674,0
8675,0
8676,0
8677,1
8678,0
8679,1
8680,0
8681,1
8682,1
8683,1
8684,1
8685,1
8686,1
8687,0
8688,0
8689,1
8690,0
8691,0
8692,0
8693,1
8694,0
8695,0
8696,0
8697,1
8698,1
8699,1
8700,0
8701,0
8702,0
8703,1
8704,1
8705,1
8706,1
8707,0
8708,1
8709,1
8710,1
8711,1
8712,0
8713,1
8714,0
8715,1
8716,1
8717,1
8718,1
8719,0
8720,1
8721,1
8722,1
8723,1
8724,0
8725,0
8726,1
8727,0
8728,1
8729,1
8730,1
8731,1
8732,0
8733,0
8734,1
8735,1
8736,1
8737,1
8738,0
8739,0
8740,0
8741,1
8742,1
8743,0
8744,1
8745,0
8746,1
8747,0
8748,1
8749,1
8750,0
8751,1
8752,0
8753,1
8754,1
8755,1
8756,1
8757,1
8758,1
8759,1
8760,1
8761,0
8762,1
8763,1
8764,0
8765,0
8766,1
8767,0
8768,0
8769,0
8770,1
8771,1
8772,1
8773,1
8774,0
8775,1
8776,1
8777,0
8778,0
8779,0
8780,0
8781,1
8782,0
8783,1
8784,1
8785,1
8786,0
8787,1
8788,1
8789,1
8790,0
8791,1
8792,0
8793,1
8794,1
8795,0
8796,1
8797,0
8798,1
8799,1
8800,1
8801,1
8802,0
8803,1
8804,1
8805,1
8806,1
8807,1
8808,1
8809,0
8810,1
8811,1
8812,0
8813,1
8814,0
8815,1
8816,1
8817,1
8818,0
8819,0
8820,0
8821,1
8822,1
8823,0
8824,1
8825,0
8826,1
8827,1
8828,1
8829,1
8830,1
8831,1
8832,1
8833,0
8834,0
8835,1
8836,0
8837,0
8838,1
8839,1
8840,1
8841,0
8842,0
8843,0
8844,1
8845,0
8846,0
8847,1
8848,1
8849,1
8850,1
8851,0
8852,0
8853,1
8854,1
8855,1
8856,1
8857,0
8858,1
8859,1
8860,1
8861,1
8862,1
8863,1
8864,1
8865,0
8866,1
8867,1
8868,1
8869,0
8870,1
8871,0
8872,1
8873,0
8874,1
8875,1
8876,0
8877,1
8878,1
8879,1
8880,1
8881,0
8882,1
8883,0
8884,0
8885,1
8886,0
8887,1
8888,1
8889,0
8890,0
8891,0
8892,0
8893,1
8894,0
8895,1
8896,1
8897,0
8898,1
8899,0
8900,1
8901,0
8902,1
8903,1
8904,1
8905,1
8906,1
8907,1
8908,1
8909,1
8910,0
8911,1
8912,1
8913,1
8914,1
8915,1
8916,1
8917,1
8918,1
8919,1
8920,0
8921,0
8922,0
8923,1
8924,1
8925,1
8926,1
8927,0
8928,1
8929,1
8930,0
8931,0
8932,1
8933,0
8934,1
8935,0
8936,1
8937,1
8938,0
8939,1
8940,1
8941,1
8942,1
8943,1
8944,1
8945,1
8946,0
8947,0
8948,1
8949,0
8950,0
8951,0
8952,1
8953,1
8954,1
8955,1
8956,1
8957,1
8958,1
8959,1
8960,1
8961,0
8962,0
8963,1
8964,1
8965,1
8966,1
8967,1
8968,1
8969,1
8970,1
8971,1
8972,1
8973,1
8974,0
8975,1
8976,1
8977,1
8978,1
8979,1
8980,0
8981,0
8982,1
8983,0
8984,0
8985,1
8986,0
8987,1
8988,0
8989,0
8990,0
8991,1
8992,1
8993,0
8994,0
8995,1
8996,1
8997,1
8998,1
8999,1
9000,0
9001,1
9002,1
9003,1
9004,1
9005,1
9006,1
9007,1
9008,1
9009,0
9010,0
9011,1
9012,1
9013,1
9014,1
9015,1
9016,0
9017,1
9018,1
9019,1
9020,1
9021,0
9022,0
9023,1
9024,0
9025,1
9026,0
9027,0
9028,0
9029,0
9030,1
9031,1
9032,1
9033,0
9034,0
9035,1
9036,0
9037,1
9038,1
9039,1
9040,1
9041,1
9042,1
9043,1
9044,0
9045,0
9046,1
9047,1
9048,0
9049,0
9050,1
9051,0
9052,0
9053,1
9054,1
9055,1
9056,0
9057,0
9058,1
9059,1
9060,0
9061,0
9062,0
9063,0
9064,0
9065,0
9066,1
9067,0
9068,1
9069,0
9070,0
9071,1
9072,1
9073,1
9074,0
9075,1
9076,1
9077,1
9078,0
9079,0
9080,1
9081,1
9082,0
9083,1
9084,1
9085,0
9086,1
9087,1
9088,1
9089,1
9090,0
9091,1
9092,1
9093,1
9094,0
9095,1
9096,1
9097,1
9098,1
9099,0
9100,1
9101,0
9102,1
9103,1
9104,1
9105,0
9106,1
9107,1
9108,0
9109,1
9110,0
9111,0
9112,1
9113,1
9114,1
9115,0
9116,1
9117,1
9118,1
9119,0
9120,1
9121,1
9122,1
9123,0
9124,1
9125,0
9126,0
9127,1
9128,1
9129,0
9130,1
9131,0
9132,0
9133,1
9134,1
9135,1
9136,1
9137,1
9138,1
9139,1
9140,1
9141,1
9142,1
9143,1
9144,0
9145,1
9146,1
9147,1
9148,1
9149,0
9150,0
9151,0
9152,1
9153,1
9154,0
9155,1
9156,0
9157,1
9158,1
9159,1
9160,1
9161,1
9162,0
9163,1
9164,1
9165,1
9166,0
9167,1
9168,1
9169,1
9170,1
9171,0
9172,1
9173,1
9174,1
9175,1
9176,1
9177,0
9178,0
9179,1
9180,0
9181,1
9182,1
9183,1
9184,1
9185,0
9186,0
9187,1
9188,0
9189,1
9190,1
9191,0
9192,1
9193,0
9194,1
9195,1
9196,1
9197,0
9198,1
9199,0
9200,1
9201,1
9202,0
9203,1
9204,1
9205,0
9206,0
9207,1
9208,0
9209,0
9210,0
9211,1
9212,1
9213,1
9214,1
9215,1
9216,0
9217,0
9218,0
9219,1
9220,1
9221,0
9222,0
9223,0
9224,0
9225,1
9226,0
9227,1
9228,0
9229,1
9230,1
9231,0
9232,0
9233,0
9234,0
9235,0
9236,1
9237,1
9238,1
9239,1
9240,0
9241,1
9242,0
9243,1
9244,0
9245,0
9246,1
9247,1
9248,1
9249,1
9250,1
9251,1
9252,1
9253,0
9254,0
9255,1
9256,0
9257,0
9258,1
9259,1
9260,0
9261,1
9262,1
9263,0
9264,0
9265,1
9266,1
9267,1
9268,0
9269,0
9270,1
9271,1
9272,1
9273,1
9274,0
9275,0
9276,1
9277,0
9278,0
9279,0
9280,1
9281,1
9282,0
9283,1
9284,1
9285,1
9286,1
9287,1
9288,1
9289,1
9290,1
9291,1
9292,0
9293,1
9294,1
9295,1
9296,0
9297,1
9298,1
9299,1
9300,1
9301,1
9302,0
9303,1
9304,1
9305,1
9306,0
9307,1
9308,1
9309,1
9310,1
9311,1
9312,0
9313,0
9314,0
9315,1
9316,0
9317,1
9318,1
9319,1
9320,1
9321,1
9322,0
9323,1
9324,1
9325,1
9326,1
9327,1
9328,0
9329,1
9330,0
9331,1
9332,1
9333,1
9334,1
9335,1
9336,0
9337,1
9338,0
9339,1
9340,1
9341,0
9342,1
9343,1
9344,0
9345,1
9346,1
9347,0
9348,1
9349,1
9350,0
9351,1
9352,0
9353,0
9354,1
9355,0
9356,1
9357,0
9358,1
9359,0
9360,0
9361,0
9362,0
9363,0
9364,1
9365,0
9366,1
9367,1
9368,0
9369,1
9370,1
9371,1
9372,1
9373,0
9374,1
9375,1
9376,0
9377,0
9378,0
9379,1
9380,1
9381,0
9382,1
9383,1
9384,0
9385,1
9386,1
9387,1
9388,0
9389,0
9390,0
9391,1
9392,1
9393,1
9394,1
9395,1
9396,1
9397,1
9398,0
9399,1
9400,0
9401,1
9402,1
9403,0
9404,1
9405,1
9406,1
9407,0
9408,0
9409,1
9410,1
9411,0
9412,1
9413,1
9414,1
9415,0
9416,1
9417,1
9418,1
9419,1
9420,1
9421,1
9422,1
9423,1
9424,0
9425,0
9426,1
9427,0
9428,0
9429,0
9430,1
9431,1
9432,1
9433,1
9434,1
9435,0
9436,1
9437,1
9438,0
9439,0
9440,0
9441,1
9442,0
9443,1
9444,1
9445,1
9446,1
9447,1
9448,0
9449,1
9450,1
9451,1
9452,0
9453,0
9454,1
9455,1
9456,1
9457,0
9458,0
9459,1
9460,0
9461,1
9462,1
9463,0
9464,1
9465,1
9466,1
9467,1
9468,0
9469,0
9470,1
9471,1
9472,1
9473,1
9474,1
9475,1
9476,0
9477,1
9478,1
9479,0
9480,0
9481,0
9482,1
9483,1
9484,0
9485,1
9486,1
9487,1
9488,0
9489,1
9490,1
9491,1
9492,1
9493,1
9494,1
9495,1
9496,1
9497,0
9498,1
9499,1
9500,0
9501,1
9502,1
9503,0
9504,0
9505,0
9506,1
9507,0
9508,0
9509,1
9510,1
9511,1
9512,1
9513,0
9514,1
9515,0
9516,1
9517,1
9518,1
9519,0
9520,0
9521,0
9522,0
9523,0
9524,0
9525,1
9526,1
9527,0
9528,1
9529,0
9530,1
9531,0
9532,1
9533,0
9534,1
9535,1
9536,1
9537,1
9538,1
9539,1
9540,1
9541,0
9542,0
9543,1
9544,0
9545,0
9546,0
9547,1
9548,1
9549,1
9550,0
9551,1
9552,1
9553,1
9554,1
9555,1
9556,1
9557,1
9558,0
9559,0
9560,1
9561,1
9562,1
9563,0
9564,0
9565,0
9566,1
9567,1
9568,1
9569,0
9570,1
9571,1
9572,0
9573,0
9574,0
9575,0
9576,0
9577,1
9578,0
9579,1
9580,0
9581,0
9582,1
9583,0
9584,0
9585,1
9586,0
9587,1
9588,1
9589,0
9590,1
9591,1
9592,1
9593,1
9594,1
9595,1
9596,0
9597,1
9598,1
9599,0
9600,1
9601,1
9602,0
9603,0
9604,0
9605,1
9606,1
9607,1
9608,1
9609,1
9610,1
9611,1
9612,0
9613,1
9614,1
9615,1
9616,0
9617,0
9618,1
9619,0
9620,0
9621,1
9622,0
9623,1
9624,1
9625,1
9626,0
9627,1
9628,1
9629,0
9630,1
9631,1
9632,0
9633,1
9634,1
9635,0
9636,1
9637,0
9638,1
9639,1
9640,1
9641,0
9642,0
9643,1
9644,1
9645,0
9646,0
9647,1
9648,0
9649,1
9650,0
9651,1
9652,1
9653,1
9654,1
9655,0
9656,0
9657,0
9658,0
9659,1
9660,0
9661,1
9662,0
9663,0
9664,1
9665,0
9666,1
9667,1
9668,1
9669,1
9670,1
9671,1
9672,1
9673,0
9674,1
9675,0
9676,0
9677,1
9678,1
9679,1
9680,1
9681,1
9682,0
9683,1
9684,1
9685,0
9686,1
9687,1
9688,1
9689,0
9690,1
9691,0
9692,0
9693,1
9694,0
9695,1
9696,1
9697,1
9698,1
9699,1
9700,1
9701,1
9702,0
9703,1
9704,1
9705,1
9706,1
9707,1
9708,0
9709,1
9710,1
9711,0
9712,1
9713,1
9714,0
9715,1
9716,0
9717,0
9718,1
9719,1
9720,1
9721,1
9722,0
9723,1
9724,0
9725,1
9726,0
9727,0
9728,1
9729,1
9730,1
9731,0
9732,1
9733,1
9734,0
9735,1
9736,0
9737,1
9738,1
9739,1
9740,1
9741,1
9742,0
9743,1
9744,1
9745,0
9746,1
9747,1
9748,0
9749,1
9750,1
9751,1
9752,1
9753,0
9754,1
9755,0
9756,1
9757,0
9758,0
9759,1
9760,1
9761,1
9762,1
9763,1
9764,0
9765,0
9766,1
9767,1
9768,1
9769,0
9770,1
9771,1
9772,0
9773,1
9774,1
9775,1
9776,0
9777,1
9778,1
9779,1
9780,0
9781,0
9782,0
9783,1
9784,0
9785,1
9786,0
9787,1
9788,1
9789,1
9790,0
9791,1
9792,1
9793,1
9794,0
9795,1
9796,1
9797,1
9798,1
9799,1
9800,0
9801,1
9802,1
9803,1
9804,1
9805,1
9806,1
9807,0
9808,1
9809,1
9810,0
9811,1
9812,0
9813,0
9814,1
9815,1
9816,0
9817,1
9818,1
9819,0
9820,1
9821,1
9822,1
9823,1
9824,1
9825,0
9826,1
9827,0
9828,1
9829,1
9830,1
9831,0
9832,1
9833,1
9834,1
9835,1
9836,1
9837,1
9838,1
9839,1
9840,0
9841,1
9842,0
9843,1
9844,1
9845,0
9846,0
9847,1
9848,1
9849,1
9850,1
9851,0
9852,0
9853,0
9854,1
9855,1
9856,1
9857,0
9858,1
9859,1
9860,0
9861,0
9862,0
9863,1
9864,1
9865,0
9866,1
9867,1
9868,0
9869,1
9870,1
9871,1
9872,1
9873,1
9874,1
9875,1
9876,1
9877,1
9878,1
9879,0
9880,1
9881,0
9882,0
9883,0
9884,0
9885,1
9886,1
9887,0
9888,1
9889,1
9890,1
9891,1
9892,1
9893,0
9894,0
9895,1
9896,0
9897,1
9898,1
9899,1
9900,1
9901,0
9902,0
9903,0
9904,0
9905,1
9906,1
9907,1
9908,0
9909,1
9910,0
9911,1
9912,0
9913,1
9914,1
9915,1
9916,1
9917,1
9918,1
9919,1
9920,1
9921,0
9922,1
9923,1
9924,1
9925,0
9926,1
9927,1
9928,0
9929,1
9930,0
9931,0
9932,1
9933,1
9934,0
9935,1
9936,1
9937,1
9938,1
9939,1
9940,1
9941,0
9942,1
9943,0
9944,1
9945,1
9946,1
9947,1
9948,1
9949,1
9950,1
9951,1
9952,1
9953,1
9954,0
9955,1
9956,1
9957,0
9958,1
9959,1
9960,0
9961,1
9962,0
9963,1
9964,1
9965,0
9966,0
9967,1
9968,1
9969,0
9970,1
9971,0
9972,0
9973,1
9974,1
9975,1
9976,1
9977,0
9978,1
9979,1
9980,1
9981,0
9982,0
9983,1
9984,0
9985,0
9986,1
9987,0
9988,1
9989,1
9990,0
9991,1
9992,1
9993,1
9994,1
9995,0
9996,0
9997,1
9998,1
9999,0
10000,0
10001,0
10002,1
10003,0
10004,0
10005,1
10006,1
10007,1
10008,1
10009,0
10010,0
10011,1
10012,1
10013,1
10014,1
10015,1
10016,1
10017,1
10018,1
10019,1
10020,0
10021,1
10022,1
10023,1
10024,1
10025,0
10026,1
10027,0
10028,1
10029,1
10030,0
10031,1
10032,1
10033,0
10034,1
10035,0
10036,1
10037,1
10038,1
10039,0
10040,0
10041,0
10042,1
10043,1
10044,1
10045,1
10046,1
10047,1
10048,1
10049,0
10050,0
10051,0
10052,0
10053,0
10054,1
10055,1
10056,1
10057,1
10058,1
10059,1
10060,1
10061,0
10062,1
10063,1
10064,1
10065,1
10066,0
10067,1
10068,0
10069,0
10070,1
10071,1
10072,1
10073,1
10074,1
10075,1
10076,1
10077,1
10078,1
10079,1
10080,1
10081,1
10082,1
10083,0
10084,1
10085,1
10086,1
10087,0
10088,1
10089,0
10090,0
10091,0
10092,0
10093,1
10094,0
10095,1
10096,1
10097,0
10098,0
10099,1
10100,1
10101,0
10102,0
10103,0
10104,1
10105,1
10106,1
10107,0
10108,0
10109,1
10110,0
10111,0
10112,0
10113,1
10114,1
10115,0
10116,0
10117,0
10118,1
10119,0
10120,0
10121,1
10122,0
10123,1
10124,1
10125,1
10126,0
10127,0
10128,1
10129,0
10130,1
10131,1
10132,1
10133,1
10134,0
10135,0
10136,1
10137,1
10138,1
10139,0
10140,0
10141,1
10142,1
10143,0
10144,1
10145,0
10146,1
10147,0
10148,1
10149,1
10150,1
10151,0
10152,0
10153,1
10154,1
10155,0
10156,1
10157,1
10158,1
10159,1
10160,1
10161,1
10162,0
10163,1
10164,1
10165,0
10166,0
10167,0
10168,1
10169,0
10170,1
10171,0
10172,1
10173,1
10174,1
10175,1
10176,1
10177,1
10178,1
10179,1
10180,1
10181,0
10182,1
10183,0
10184,0
10185,0
10186,0
10187,1
10188,1
10189,0
10190,1
10191,0
10192,0
10193,0
10194,1
10195,1
10196,0
10197,1
10198,0
10199,0
10200,1
10201,1
10202,1
10203,0
10204,0
10205,1
10206,1
10207,1
10208,1
10209,1
10210,0
10211,1
10212,1
10213,1
10214,1
10215,1
10216,1
10217,0
10218,1
10219,1
10220,1
10221,0
10222,1
10223,1
10224,1
10225,1
10226,1
10227,1
10228,1
10229,0
10230,0
10231,1
10232,0
10233,0
10234,1
10235,0
10236,1
10237,1
10238,1
10239,0
10240,1
10241,0
10242,1
10243,0
10244,1
10245,1
10246,0
10247,1
10248,1
10249,1
10250,1
10251,0
10252,1
10253,0
10254,1
10255,1
10256,0
10257,1
10258,0
10259,1
10260,0
10261,0
10262,1
10263,1
10264,0
10265,0
10266,0
10267,0
10268,0
10269,1
10270,1
10271,0
10272,0
10273,0
10274,0
10275,0
10276,1
10277,0
10278,0
10279,1
10280,1
10281,0
10282,1
10283,1
10284,0
10285,0
10286,1
10287,0
10288,0
10289,0
10290,1
10291,1
10292,1
10293,1
10294,1
10295,0
10296,0
10297,0
10298,1
10299,1
10300,1
10301,1
10302,1
10303,0
10304,0
10305,0
10306,1
10307,1
10308,1
10309,1
10310,0
10311,0
10312,1
10313,1
10314,1
10315,1
10316,1
10317,0
10318,1
10319,0
10320,1
10321,0
10322,0
10323,1
10324,1
10325,0
10326,0
10327,0
10328,1
10329,1
10330,0
10331,1
10332,1
10333,1
10334,1
10335,1
10336,1
10337,1
10338,0
10339,1
10340,0
10341,0
10342,0
10343,1
10344,1
10345,1
10346,0
10347,1
10348,1
10349,0
10350,1
10351,1
10352,1
10353,1
10354,0
10355,1
10356,1
10357,1
10358,0
10359,1
10360,0
10361,1
10362,0
10363,1
10364,1
10365,0
10366,1
10367,1
10368,1
10369,1
10370,1
10371,1
10372,1
10373,0
10374,1
10375,0
10376,0
10377,1
10378,1
10379,1
10380,0
10381,0
10382,0
10383,1
10384,1
10385,1
10386,1
10387,0
10388,0
10389,1
10390,1
10391,0
10392,0
10393,1
10394,0
10395,1
10396,1
10397,1
10398,0
10399,0
10400,1
10401,1
10402,1
10403,1
10404,0
10405,0
10406,1
10407,1
10408,0
10409,1
10410,0
10411,0
10412,1
10413,0
10414,0
10415,0
10416,0
10417,1
10418,1
10419,1
10420,1
10421,1
10422,1
10423,1
10424,0
10425,0
10426,1
10427,0
10428,0
10429,1
10430,1
10431,1
10432,0
10433,1
10434,1
10435,0
10436,1
10437,1
10438,0
10439,0
10440,0
10441,1
10442,1
10443,0
10444,1
10445,0
10446,1
10447,0
10448,0
10449,0
10450,1
10451,1
10452,1
10453,1
10454,1
10455,1
10456,1
10457,1
10458,0
10459,1
10460,1
10461,1
10462,1
10463,1
10464,1
10465,1
10466,1
10467,0
10468,0
10469,1
10470,0
10471,1
10472,0
10473,0
10474,0
10475,1
10476,1
10477,0
10478,1
10479,0
10480,0
10481,1
10482,0
10483,0
10484,0
10485,1
10486,1
10487,0
10488,1
10489,1
10490,1
10491,1
10492,1
10493,0
10494,1
10495,1
10496,0
10497,1
10498,1
10499,1
10500,1
10501,1
10502,1
10503,0
10504,0
10505,1
10506,0
10507,1
10508,1
10509,1
10510,1
10511,1
10512,1
10513,1
10514,1
10515,1
10516,1
10517,1
10518,0
10519,1
10520,1
10521,1
10522,1
10523,1
10524,0
10525,1
10526,0
10527,1
10528,1
10529,1
10530,1
10531,1
10532,0
10533,0
10534,1
10535,1
10536,1
10537,0
10538,1
10539,0
10540,1
10541,1
10542,1
10543,1
10544,0
10545,1
10546,0
10547,1
10548,0
10549,0
10550,1
10551,0
10552,1
10553,0
10554,1
10555,1
10556,1
10557,0
10558,1
10559,1
10560,1
10561,0
10562,1
10563,1
10564,1
10565,0
10566,0
10567,1
10568,0
10569,1
10570,1
10571,0
10572,1
10573,1
10574,0
10575,0
10576,1
10577,1
10578,1
10579,1
10580,0
10581,1
10582,1
10583,1
10584,0
10585,1
10586,1
10587,0
10588,0
10589,1
10590,1
10591,1
10592,1
10593,1
10594,1
10595,0
10596,0
10597,1
10598,1
10599,0
10600,0
10601,0
10602,1
10603,0
10604,0
10605,0
10606,1
10607,0
10608,1
10609,0
10610,1
10611,1
10612,1
10613,0
10614,0
10615,0
10616,0
10617,1
10618,1
10619,0
10620,0
10621,0
10622,1
10623,1
10624,0
10625,0
10626,1
10627,1
10628,0
10629,0
10630,0
10631,1
10632,0
10633,0
10634,1
10635,1
10636,1
10637,1
10638,0
10639,1
10640,0
10641,1
10642,1
10643,0
10644,1
10645,0
10646,1
10647,1
10648,0
10649,1
10650,0
10651,1
10652,0
10653,1
10654,1
10655,1
10656,1
10657,1
10658,1
10659,1
10660,1
10661,0
10662,1
10663,0
10664,1
10665,1
10666,1
10667,0
10668,0
10669,1
10670,1
10671,1
10672,1
10673,0
10674,0
10675,0
10676,1
10677,1
10678,0
10679,0
10680,0
10681,0
10682,0
10683,0
10684,1
10685,1
10686,1
10687,0
10688,1
10689,0
10690,1
10691,0
10692,1
10693,1
10694,1
10695,1
10696,0
10697,1
10698,0
10699,1
10700,0
10701,1
10702,1
10703,1
10704,1
10705,0
10706,1
10707,1
10708,1
10709,1
10710,1
10711,0
10712,1
10713,1
10714,1
10715,1
10716,1
10717,1
10718,1
10719,0
10720,1
10721,1
10722,0
10723,0
10724,1
10725,0
10726,0
10727,1
10728,1
10729,1
10730,1
10731,0
10732,1
10733,0
10734,1
10735,1
10736,1
10737,0
10738,0
10739,1
10740,1
10741,1
10742,0
10743,1
10744,1
10745,1
10746,0
10747,1
10748,1
10749,0
10750,1
10751,0
10752,1
10753,1
10754,1
10755,0
10756,1
10757,1
10758,0
10759,1
10760,1
10761,0
10762,1
10763,1
10764,1
10765,1
10766,0
10767,1
10768,1
10769,0
10770,1
10771,1
10772,1
10773,0
10774,1
10775,0
10776,1
10777,1
10778,1
10779,1
10780,1
10781,1
10782,1
10783,0
10784,1
10785,1
10786,1
10787,0
10788,1
10789,1
10790,1
10791,1
10792,1
10793,0
10794,1
10795,0
10796,1
10797,1
10798,1
10799,1
10800,0
10801,0
10802,1
10803,1
10804,1
10805,0
10806,0
10807,0
10808,1
10809,1
10810,1
10811,1
10812,1
10813,0
10814,1
10815,0
10816,1
10817,1
10818,1
10819,1
10820,0
10821,1
10822,1
10823,1
10824,1
10825,1
10826,1
10827,1
10828,0
10829,0
10830,1
10831,0
10832,1
10833,0
10834,0
10835,1
10836,0
10837,0
10838,1
10839,1
10840,1
10841,1
10842,1
10843,1
10844,1
10845,1
10846,1
10847,0
10848,1
10849,0
10850,0
10851,0
10852,1
10853,1
10854,1
10855,1
10856,1
10857,0
10858,0
10859,1
10860,1
10861,1
10862,1
10863,1
10864,1
10865,0
10866,0
10867,1
10868,1
10869,1
10870,0
10871,0
10872,0
10873,0
10874,1
10875,1
10876,1
10877,0
10878,1
10879,0
10880,0
10881,0
10882,0
10883,1
10884,1
10885,0
10886,1
10887,1
10888,0
10889,0
10890,0
10891,1
10892,0
10893,1
10894,0
10895,1
10896,1
10897,1
10898,0
10899,1
10900,1
10901,1
10902,0
10903,1
10904,1
10905,1
10906,1
10907,0
10908,1
10909,1
10910,0
10911,1
10912,0
10913,1
10914,0
10915,1
10916,0
10917,1
10918,0
10919,0
10920,0
10921,1
10922,1
10923,1
10924,1
10925,1
10926,0
10927,0
10928,1
10929,1
10930,1
10931,1
10932,0
10933,0
10934,0
10935,0
10936,1
10937,1
10938,1
10939,0
10940,0
10941,0
10942,1
10943,0
10944,0
10945,1
10946,1
10947,1
10948,1
10949,1
10950,0
10951,0
10952,1
10953,1
10954,1
10955,1
10956,1
10957,0
10958,0
10959,1
10960,0
10961,1
10962,0
10963,0
10964,1
10965,1
10966,1
10967,1
10968,1
10969,0
10970,1
10971,1
10972,1
10973,0
10974,0
10975,0
10976,1
10977,1
10978,1
10979,0
10980,0
10981,1
10982,1
10983,0
10984,1
10985,1
10986,1
10987,0
10988,1
10989,0
10990,0
10991,1
10992,1
10993,1
10994,1
10995,1
10996,0
10997,1
10998,0
10999,1
11000,1
11001,0
11002,1
11003,0
11004,0
11005,0
11006,0
11007,1
11008,1
11009,1
11010,0
11011,1
11012,1
11013,1
11014,0
11015,1
11016,1
11017,1
11018,1
11019,1
11020,1
11021,1
11022,1
11023,0
11024,1
11025,1
11026,0
11027,0
11028,0
11029,1
11030,1
11031,1
11032,0
11033,1
11034,1
11035,1
11036,0
11037,1
11038,0
11039,0
11040,1
11041,1
11042,0
11043,1
11044,0
11045,0
11046,1
11047,0
11048,1
11049,1
11050,0
11051,1
11052,1
11053,1
11054,0
11055,0
11056,1
11057,1
11058,1
11059,0
11060,0
11061,1
11062,0
11063,0
11064,0
11065,1
11066,1
11067,1
11068,0
11069,1
11070,0
11071,1
11072,1
11073,1
11074,1
11075,0
11076,0
11077,0
11078,1
11079,1
11080,1
11081,1
11082,1
11083,1
11084,1
11085,1
11086,1
11087,0
11088,1
11089,1
11090,0
11091,0
11092,1
11093,1
11094,0
11095,1
11096,1
11097,0
11098,1
11099,1
11100,0
11101,1
11102,0
11103,0
11104,1
11105,1
11106,1
11107,0
11108,1
11109,1
11110,0
11111,1
11112,0
11113,0
11114,1
11115,0
11116,1
11117,1
11118,0
11119,1
11120,1
11121,1
11122,0
11123,1
11124,1
11125,1
11126,1
11127,1
11128,1
11129,0
11130,1
11131,0
11132,1
11133,0
11134,1
11135,1
11136,0
11137,1
11138,1
11139,0
11140,1
11141,1
11142,1
11143,0
11144,1
11145,1
11146,0
11147,1
11148,1
11149,0
11150,1
11151,1
11152,1
11153,1
11154,1
11155,0
11156,1
11157,0
11158,1
11159,1
11160,1
11161,0
11162,1
11163,1
11164,1
11165,1
11166,1
11167,0
11168,0
11169,1
11170,0
11171,1
11172,0
11173,1
11174,1
11175,0
11176,1
11177,0
11178,1
11179,0
11180,0
11181,1
11182,1
11183,1
11184,0
11185,1
11186,1
11187,1
11188,1
11189,1
11190,1
11191,0
11192,1
11193,0
11194,1
11195,1
11196,0
11197,0
11198,1
11199,1
11200,1
11201,1
11202,1
11203,1
11204,1
11205,1
11206,1
11207,0
11208,0
11209,0
11210,1
11211,1
11212,1
11213,1
11214,0
11215,1
11216,1
11217,1
11218,0
11219,1
11220,0
11221,1
11222,0
11223,1
11224,1
11225,1
11226,1
11227,1
11228,1
11229,0
11230,0
11231,1
11232,1
11233,1
11234,0
11235,0
11236,1
11237,1
11238,1
11239,1
11240,1
11241,1
11242,0
11243,0
11244,1
11245,1
11246,1
11247,1
11248,1
11249,1
11250,1
11251,0
11252,1
11253,1
11254,0
11255,1
11256,0
11257,1
11258,1
11259,1
11260,1
11261,1
11262,0
11263,0
11264,1
11265,1
11266,1
11267,1
11268,0
11269,1
11270,0
11271,0
11272,1
11273,1
11274,1
11275,1
11276,1
11277,1
11278,0
11279,0
11280,0
11281,0
11282,0
11283,1
11284,0
11285,1
11286,1
11287,0
11288,1
11289,0
11290,1
11291,1
11292,0
11293,1
11294,0
11295,1
11296,1
11297,0
11298,1
11299,1
11300,0
11301,1
11302,0
11303,1
11304,0
11305,1
11306,1
11307,0
11308,1
11309,0
11310,1
11311,0
11312,0
11313,1
11314,1
11315,0
11316,1
11317,1
11318,1
11319,1
11320,1
11321,1
11322,1
11323,1
11324,1
11325,0
11326,1
11327,0
11328,1
11329,1
11330,1
11331,1
11332,0
11333,1
11334,1
11335,1
11336,0
11337,1
11338,1
11339,0
11340,0
11341,0
11342,0
11343,0
11344,1
11345,1
11346,1
11347,1
11348,0
11349,0
11350,0
11351,1
11352,1
11353,0
11354,0
11355,1
11356,0
11357,0
11358,0
11359,1
11360,1
11361,0
11362,0
11363,0
11364,0
11365,1
11366,0
11367,1
11368,1
11369,1
11370,0
11371,1
11372,1
11373,1
11374,0
11375,0
11376,1
11377,0
11378,1
11379,1
11380,1
11381,0
11382,0
11383,0
11384,0
11385,1
11386,0
11387,1
11388,0
11389,1
11390,0
11391,1
11392,1
11393,1
11394,1
11395,0
11396,1
11397,1
11398,1
11399,1
11400,1
11401,1
11402,1
11403,1
11404,1
11405,1
11406,0
11407,1
11408,1
11409,1
11410,0
11411,0
11412,1
11413,1
11414,0
11415,0
11416,1
11417,1
11418,1
11419,1
11420,1
11421,1
11422,0
11423,1
11424,0
11425,0
11426,1
11427,1
11428,1
11429,0
11430,1
11431,1
11432,1
11433,1
11434,1
11435,1
11436,0
11437,1
11438,1
11439,0
11440,1
11441,0
11442,0
11443,1
11444,1
11445,1
11446,1
11447,1
11448,0
11449,0
11450,1
11451,0
11452,1
11453,1
11454,1
11455,1
11456,0
11457,0
11458,1
11459,1
11460,0
11461,1
11462,0
11463,0
11464,1
11465,1
11466,0
11467,1
11468,1
11469,1
11470,1
11471,1
11472,1
11473,0
11474,1
11475,1
11476,1
11477,1
11478,1
11479,0
11480,1
11481,1
11482,0
11483,1
11484,0
11485,0
11486,1
11487,0
11488,0
11489,1
11490,1
11491,1
11492,0
11493,1
11494,0
11495,1
11496,1
11497,1
11498,1
11499,0
11500,1
11501,1
11502,0
11503,1
11504,1
11505,1
11506,1
11507,1
11508,0
11509,1
11510,0
11511,0
11512,0
11513,1
11514,1
11515,0
11516,0
11517,1
11518,0
11519,1
11520,0
11521,1
11522,1
11523,1
11524,0
11525,1
11526,1
11527,0
11528,1
11529,1
11530,0
11531,1
11532,0
11533,1
11534,1
11535,1
11536,0
11537,0
11538,1
11539,0
11540,1
11541,1
11542,1
11543,0
11544,0
11545,1
11546,1
11547,1
11548,1
11549,1
11550,0
11551,0
11552,1
11553,1
11554,1
11555,0
11556,1
11557,1
11558,1
11559,1
11560,1
11561,1
11562,1
11563,0
11564,1
11565,0
11566,1
11567,1
11568,1
11569,0
11570,0
11571,0
11572,0
11573,0
11574,1
11575,1
11576,1
11577,1
11578,1
11579,1
11580,0
11581,0
11582,1
11583,1
11584,1
11585,1
11586,0
11587,1
11588,1
11589,1
11590,0
11591,1
11592,1
11593,1
11594,1
11595,0
11596,0
11597,0
11598,1
11599,1
11600,0
11601,1
11602,1
11603,0
11604,1
11605,1
11606,0
11607,1
11608,1
11609,1
11610,0
11611,1
11612,1
11613,1
11614,1
11615,1
11616,0
11617,0
11618,1
11619,0
11620,1
11621,0
11622,1
11623,1
11624,1
11625,0
11626,1
11627,1
11628,0
11629,1
11630,1
11631,0
11632,1
11633,0
11634,1
11635,1
11636,1
11637,1
11638,1
11639,1
11640,1
11641,0
11642,1
11643,0
11644,1
11645,1
11646,0
11647,0
11648,0
11649,0
11650,0
11651,0
11652,1
11653,0
11654,1
11655,0
11656,1
11657,1
11658,1
11659,1
11660,0
11661,0
11662,1
11663,0
11664,1
11665,0
11666,0
11667,0
11668,1
11669,1
11670,1
11671,1
11672,0
11673,1
11674,1
11675,1
11676,1
11677,1
11678,0
11679,1
11680,1
11681,0
11682,1
11683,1
11684,1
11685,0
11686,1
11687,1
11688,1
11689,1
11690,1
11691,1
11692,1
11693,1
11694,0
11695,1
11696,1
11697,1
11698,1
11699,1
11700,1
11701,1
11702,0
11703,1
11704,0
11705,0
11706,1
11707,1
11708,0
11709,0
11710,1
11711,0
11712,1
11713,1
11714,0
11715,0
11716,0
11717,1
11718,1
11719,0
11720,1
11721,1
11722,1
11723,0
11724,0
11725,0
11726,0
11727,1
11728,0
11729,0
11730,1
11731,1
11732,0
11733,1
11734,1
11735,1
11736,1
11737,1
11738,0
11739,1
11740,1
11741,1
11742,1
11743,1
11744,1
11745,0
11746,1
11747,0
11748,1
11749,1
11750,1
11751,1
11752,1
11753,1
11754,1
11755,1
11756,1
11757,0
11758,1
11759,0
11760,0
11761,1
11762,1
11763,0
11764,1
11765,0
11766,1
11767,1
11768,1
11769,1
11770,0
11771,0
11772,1
11773,1
11774,1
11775,1
11776,1
11777,1
11778,0
11779,0
11780,1
11781,1
11782,0
11783,1
11784,1
11785,1
11786,1
11787,1
11788,1
11789,1
11790,0
11791,0
11792,1
11793,1
11794,0
11795,1
11796,1
11797,0
11798,0
11799,1
11800,0
11801,0
11802,1
11803,0
11804,0
11805,1
11806,1
11807,0
11808,0
11809,1
11810,0
11811,0
11812,0
11813,1
11814,1
11815,0
11816,1
11817,0
11818,1
11819,0
11820,1
11821,0
11822,1
11823,0
11824,1
11825,0
11826,1
11827,1
11828,0
11829,1
11830,1
11831,1
11832,1
11833,1
11834,0
11835,0
11836,1
11837,0
11838,1
11839,1
11840,1
11841,1
11842,0
11843,1
11844,1
11845,0
11846,1
11847,1
11848,0
11849,1
11850,1
11851,1
11852,1
11853,0
11854,1
11855,0
11856,1
11857,1
11858,0
11859,1
11860,1
11861,1
11862,0
11863,1
11864,0
11865,1
11866,1
11867,1
11868,0
11869,1
11870,1
11871,0
11872,1
11873,0
11874,0
11875,1
11876,0
11877,1
11878,0
11879,0
11880,0
11881,0
11882,1
11883,1
11884,1
11885,0
11886,0
11887,1
11888,1
11889,1
11890,0
11891,1
11892,1
11893,0
11894,0
11895,0
11896,1
11897,1
11898,0
11899,1
11900,1
11901,1
11902,0
11903,1
11904,0
11905,0
11906,0
11907,0
11908,0
11909,1
11910,1
11911,1
11912,1
11913,0
11914,1
11915,0
11916,0
11917,1
11918,1
11919,1
11920,1
11921,0
11922,0
11923,1
11924,1
11925,1
11926,1
11927,0
11928,1
11929,1
11930,1
11931,0
11932,0
11933,1
11934,0
11935,1
11936,1
11937,0
11938,0
11939,1
11940,1
11941,0
11942,0
11943,1
11944,1
11945,1
11946,0
11947,0
11948,1
11949,1
11950,1
11951,1
11952,1
11953,1
11954,1
11955,1
11956,1
11957,1
11958,1
11959,1
11960,1
11961,0
11962,0
11963,1
11964,1
11965,1
11966,1
11967,1
11968,0
11969,1
11970,0
11971,1
11972,0
11973,1
11974,0
11975,1
11976,0
11977,1
11978,1
11979,0
11980,1
11981,0
11982,0
11983,1
11984,0
11985,0
11986,1
11987,1
11988,1
11989,0
11990,0
11991,1
11992,0
11993,1
11994,1
11995,1
11996,1
11997,1
11998,1
11999,1
12000,1
12001,0
12002,0
12003,1
12004,0
12005,0
12006,0
12007,1
12008,1
12009,1
12010,0
12011,0
12012,1
12013,0
12014,1
12015,0
12016,1
12017,1
12018,1
12019,1
12020,1
12021,1
12022,0
12023,0
12024,0
12025,1
12026,1
12027,1
12028,1
12029,1
12030,0
12031,1
12032,0
12033,1
12034,1
12035,0
12036,1
12037,0
12038,0
12039,1
12040,1
12041,1
12042,1
12043,0
12044,0
12045,0
12046,0
12047,0
12048,1
12049,1
12050,1
12051,0
12052,0
12053,1
12054,1
12055,1
12056,1
12057,0
12058,1
12059,1
12060,1
12061,0
12062,1
12063,0
12064,0
12065,0
12066,1
12067,1
12068,1
12069,0
12070,1
12071,0
12072,0
12073,1
12074,0
12075,1
12076,1
12077,1
12078,0
12079,1
12080,1
12081,1
12082,1
12083,1
12084,1
12085,1
12086,0
12087,0
12088,1
12089,1
12090,1
12091,0
12092,0
12093,0
12094,1
12095,0
12096,1
12097,0
12098,1
12099,1
12100,1
12101,0
12102,1
12103,0
12104,1
12105,0
12106,0
12107,1
12108,1
12109,1
12110,1
12111,0
12112,1
12113,0
12114,0
12115,1
12116,0
12117,1
12118,1
12119,1
12120,1
12121,0
12122,1
12123,1
12124,0
12125,1
12126,0
12127,0
12128,1
12129,0
12130,0
12131,1
12132,1
12133,1
12134,1
12135,0
12136,1
12137,0
12138,0
12139,1
12140,1
12141,1
12142,1
12143,1
12144,1
12145,1
12146,0
12147,1
12148,1
12149,0
12150,1
12151,1
12152,0
12153,1
12154,0
12155,1
12156,1
12157,1
12158,0
12159,1
12160,1
12161,0
12162,1
12163,1
12164,1
12165,1
12166,1
12167,1
12168,1
12169,0
12170,1
12171,1
12172,1
12173,1
12174,0
12175,0
12176,0
12177,0
12178,1
12179,1
12180,1
12181,0
12182,0
12183,0
12184,1
12185,0
12186,1
12187,0
12188,1
12189,1
12190,0
12191,0
12192,1
12193,0
12194,0
12195,0
12196,1
12197,1
12198,1
12199,1
12200,0
12201,1
12202,1
12203,1
12204,0
12205,1
12206,1
12207,1
12208,0
12209,0
12210,0
12211,1
12212,1
12213,0
12214,0
12215,1
12216,0
12217,0
12218,1
12219,1
12220,1
12221,0
12222,1
12223,0
12224,1
12225,1
12226,1
12227,0
12228,1
12229,0
12230,1
12231,0
12232,1
12233,0
12234,0
12235,0
12236,1
12237,1
12238,1
12239,0
12240,1
12241,0
12242,1
12243,0
12244,1
12245,1
12246,1
12247,0
12248,0
12249,1
12250,1
12251,1
12252,0
12253,0
12254,1
12255,1
12256,1
12257,0
12258,1
12259,1
12260,0
12261,0
12262,1
12263,1
12264,0
12265,1
12266,1
12267,1
12268,0
12269,0
12270,0
12271,0
12272,0
12273,1
12274,0
12275,1
12276,1
12277,1
12278,1
12279,1
12280,0
12281,1
12282,0
12283,0
12284,1
12285,0
12286,1
12287,1
12288,1
12289,0
12290,1
12291,1
12292,1
12293,1
12294,1
12295,1
12296,0
12297,0
12298,1
12299,0
12300,1
12301,0
12302,0
12303,1
12304,0
12305,1
12306,1
12307,1
12308,0
12309,0
12310,1
12311,1
12312,0
12313,0
12314,1
12315,1
12316,1
12317,1
12318,1
12319,1
12320,0
12321,1
12322,0
12323,1
12324,1
12325,1
12326,1
12327,1
12328,1
12329,0
12330,0
12331,0
12332,1
12333,1
12334,0
12335,1
12336,1
12337,1
12338,1
12339,0
12340,0
12341,1
12342,1
12343,1
12344,1
12345,1
12346,1
12347,0
12348,1
12349,1
12350,0
12351,0
12352,1
12353,1
12354,1
12355,1
12356,1
12357,1
12358,1
12359,1
12360,1
12361,1
12362,1
12363,1
12364,0
12365,1
12366,0
12367,1
12368,1
12369,1
12370,1
12371,0
12372,0
12373,1
12374,1
12375,1
12376,1
12377,0
12378,1
12379,0
12380,1
12381,1
12382,1
12383,1
12384,1
12385,0
12386,0
12387,1
12388,1
12389,1
12390,1
12391,1
12392,1
12393,1
12394,1
12395,1
12396,0
12397,1
12398,1
12399,1
12400,1
12401,0
12402,1
12403,0
12404,1
12405,1
12406,0
12407,1
12408,1
12409,1
12410,1
12411,0
12412,0
12413,0
12414,1
12415,1
12416,1
12417,0
12418,1
12419,0
12420,1
12421,0
12422,1
12423,1
12424,1
12425,0
12426,1
12427,1
12428,1
12429,1
12430,0
12431,0
12432,0
12433,1
12434,0
12435,1
12436,1
12437,1
12438,0
12439,0
12440,0
12441,1
12442,1
12443,0
12444,1
12445,0
12446,0
12447,0
12448,1
12449,1
12450,1
12451,1
12452,1
12453,1
12454,1
12455,0
12456,1
12457,0
12458,1
12459,1
12460,1
12461,0
12462,1
12463,0
12464,0
12465,0
12466,1
12467,1
12468,1
12469,1
12470,1
12471,1
12472,1
12473,0
12474,1
12475,1
12476,0
12477,0
12478,0
12479,0
12480,1
12481,0
12482,1
12483,0
12484,1
12485,1
12486,0
12487,0
12488,1
12489,1
12490,1
12491,1
12492,1
12493,1
12494,1
12495,1
12496,0
12497,1
12498,1
12499,1
12500,0
12501,1
12502,1
12503,0
12504,0
12505,1
12506,1
12507,0
12508,0
12509,1
12510,0
12511,0
12512,1
12513,1
12514,0
12515,0
12516,1
12517,0
12518,1
12519,1
12520,1
12521,1
12522,1
12523,1
12524,0
12525,0
12526,1
12527,1
12528,0
12529,0
12530,0
12531,1
12532,0
12533,1
12534,1
12535,1
12536,0
12537,1
12538,1
12539,0
12540,0
12541,1
12542,0
12543,1
12544,1
12545,0
12546,1
12547,1
12548,1
12549,1
12550,1
12551,1
12552,1
12553,1
12554,1
12555,1
12556,1
12557,1
12558,0
12559,0
12560,1
12561,1
12562,0
12563,0
12564,1
12565,0
12566,1
12567,1
12568,1
12569,1
12570,1
12571,1
12572,1
12573,1
12574,1
12575,1
12576,1
12577,0
12578,1
12579,1
12580,1
12581,0
12582,1
12583,0
12584,1
12585,1
12586,0
12587,0
12588,1
12589,0
12590,1
12591,1
12592,1
12593,1
12594,0
12595,1
12596,1
12597,1
12598,1
12599,1
12600,1
12601,1
12602,1
12603,1
12604,1
12605,0
12606,1
12607,0
12608,0
12609,0
12610,1
12611,0
12612,1
12613,1
12614,1
12615,0
12616,0
12617,1
12618,1
12619,0
12620,0
12621,1
12622,1
12623,0
12624,1
12625,1
12626,0
12627,1
12628,1
12629,0
12630,1
12631,1
12632,1
12633,1
12634,0
12635,1
12636,0
12637,0
12638,1
12639,1
12640,1
12641,1
12642,1
12643,0
12644,0
12645,1
12646,1
12647,0
12648,1
12649,1
12650,0
12651,0
12652,1
12653,1
12654,1
12655,0
12656,1
12657,1
12658,0
12659,1
12660,1
12661,1
12662,1
12663,1
12664,1
12665,0
12666,0
12667,1
12668,1
12669,0
12670,1
12671,1
12672,0
12673,1
12674,1
12675,1
12676,0
12677,0
12678,1
12679,0
12680,1
12681,1
12682,1
12683,1
12684,1
12685,0
12686,1
12687,0
12688,1
12689,0
12690,1
12691,0
12692,1
12693,1
12694,1
12695,1
12696,1
12697,1
12698,1
12699,1
12700,1
12701,1
12702,1
12703,0
12704,1
12705,1
12706,1
12707,0
12708,0
12709,1
12710,1
12711,0
12712,1
12713,0
12714,1
12715,1
12716,1
12717,1
12718,0
12719,1
12720,1
12721,1
12722,0
12723,1
12724,1
12725,1
12726,1
12727,0
12728,0
12729,0
12730,0
12731,1
12732,1
12733,1
12734,0
12735,1
12736,1
12737,0
12738,1
12739,1
12740,1
12741,1
12742,1
12743,1
12744,1
12745,0
12746,1
12747,0
12748,0
12749,0
12750,1
12751,1
12752,1
12753,1
12754,0
12755,1
12756,0
12757,0
12758,1
12759,0
12760,0
12761,1
12762,0
12763,1
12764,0
12765,0
12766,1
12767,0
12768,1
12769,1
12770,1
12771,1
12772,1
12773,0
12774,0
12775,0
12776,0
12777,1
12778,0
12779,1
12780,0
12781,1
12782,1
12783,1
12784,1
12785,1
12786,0
12787,1
12788,0
12789,0
12790,1
12791,1
12792,1
12793,0
12794,0
12795,1
12796,0
12797,1
12798,1
12799,0
12800,1
12801,1
12802,1
12803,0
12804,1
12805,0
12806,1
12807,1
12808,1
12809,0
12810,1
12811,1
12812,0
12813,1
12814,0
12815,1
12816,0
12817,1
12818,1
12819,1
12820,0
12821,0
12822,1
12823,1
12824,1
12825,1
12826,1
12827,1
12828,0
12829,0
12830,0
12831,1
12832,1
12833,0
12834,1
12835,1
12836,0
12837,1
12838,0
12839,0
12840,0
12841,1
12842,0
12843,1
12844,1
12845,1
12846,1
12847,0
12848,1
12849,1
12850,1
12851,1
12852,1
12853,1
12854,0
12855,0
12856,1
12857,1
12858,1
12859,1
12860,1
12861,1
12862,1
12863,0
12864,1
12865,1
12866,1
12867,1
12868,1
12869,1
12870,1
12871,1
12872,0
12873,1
12874,1
12875,1
12876,0
12877,0
12878,1
12879,1
12880,1
12881,1
12882,0
12883,1
12884,1
12885,0
12886,0
12887,0
12888,1
12889,1
12890,1
12891,1
12892,1
12893,1
12894,0
12895,1
12896,1
12897,1
12898,1
12899,1
12900,0
12901,0
12902,0
12903,1
12904,1
12905,1
12906,1
12907,1
12908,0
12909,1
12910,1
12911,1
12912,1
12913,0
12914,1
12915,1
12916,0
12917,1
12918,1
12919,1
12920,1
12921,0
12922,1
12923,1
12924,0
12925,1
12926,1
12927,1
12928,1
12929,1
12930,0
12931,1
12932,1
12933,1
12934,1
12935,1
12936,1
12937,0
12938,0
12939,0
12940,1
12941,0
12942,1
12943,1
12944,0
12945,1
12946,1
12947,1
12948,0
12949,0
12950,1
12951,0
12952,0
12953,1
12954,1
12955,1
12956,1
12957,0
12958,0
12959,1
12960,1
12961,1
12962,0
12963,0
12964,0
12965,1
12966,0
12967,1
12968,1
12969,0
12970,1
12971,1
12972,1
12973,0
12974,1
12975,0
12976,1
12977,1
12978,0
12979,1
12980,0
12981,0
12982,1
12983,1
12984,0
12985,1
12986,1
12987,1
12988,1
12989,1
12990,0
12991,1
12992,1
12993,1
12994,0
12995,0
12996,0
12997,1
12998,0
12999,1
13000,0
13001,0
13002,0
13003,1
13004,1
13005,1
13006,0
13007,0
13008,1
13009,1
13010,1
13011,0
13012,1
13013,1
13014,1
13015,0
13016,0
13017,1
13018,0
13019,1
13020,1
13021,0
13022,1
13023,1
13024,1
13025,1
13026,0
13027,1
13028,1
13029,0
13030,0
13031,0
13032,1
13033,1
13034,1
13035,1
13036,1
13037,1
13038,1
13039,0
13040,0
13041,0
13042,0
13043,1
13044,0
13045,1
13046,0
13047,1
13048,0
13049,1
13050,0
13051,0
13052,1
13053,0
13054,1
13055,1
13056,0
13057,1
13058,1
13059,1
13060,1
13061,0
13062,1
13063,1
13064,1
13065,1
13066,0
13067,1
13068,1
13069,0
13070,1
13071,1
13072,1
13073,1
13074,1
13075,0
13076,0
13077,1
13078,1
13079,0
13080,0
13081,1
13082,0
13083,1
13084,1
13085,1
13086,1
13087,1
13088,1
13089,1
13090,1
13091,1
13092,0
13093,0
13094,0
13095,0
13096,1
13097,1
13098,1
13099,1
13100,1
13101,1
13102,1
13103,1
13104,1
13105,1
13106,1
13107,1
13108,1
13109,0
13110,1
13111,1
13112,1
13113,1
13114,1
13115,1
13116,0
13117,1
13118,0
13119,1
13120,0
13121,1
13122,0
13123,1
13124,1
13125,0
13126,0
13127,1
13128,1
13129,1
13130,1
13131,1
13132,1
13133,1
13134,1
13135,0
13136,1
13137,0
13138,1
13139,0
13140,0
13141,1
13142,0
13143,0
13144,1
13145,1
13146,0
13147,0
13148,1
13149,1
13150,0
13151,1
13152,1
13153,1
13154,1
13155,1
13156,1
13157,1
13158,1
13159,1
13160,0
13161,0
13162,0
13163,1
13164,0
13165,0
13166,1
13167,0
13168,1
13169,1
13170,0
13171,1
13172,1
13173,1
13174,1
13175,1
13176,0
13177,1
13178,1
13179,0
13180,0
13181,0
13182,0
13183,1
13184,0
13185,1
13186,1
13187,1
13188,1
13189,1
13190,0
13191,1
13192,0
13193,1
13194,1
13195,0
13196,1
13197,1
13198,1
13199,0
13200,1
13201,1
13202,1
13203,1
13204,0
13205,1
13206,1
13207,1
13208,1
13209,0
13210,1
13211,1
13212,1
13213,0
13214,1
13215,0
13216,1
13217,1
13218,1
13219,1
13220,1
13221,0
13222,0
13223,1
13224,1
13225,1
13226,1
13227,1
13228,1
13229,1
13230,1
13231,1
13232,0
13233,0
13234,1
13235,0
13236,0
13237,1
13238,1
13239,0
13240,1
13241,1
13242,1
13243,1
13244,1
13245,1
13246,1
13247,1
13248,1
13249,0
13250,1
13251,0
13252,0
13253,0
13254,1
13255,0
13256,1
13257,1
13258,1
13259,0
13260,1
13261,0
13262,1
13263,0
13264,1
13265,1
13266,0
13267,0
13268,1
13269,0
13270,0
13271,1
13272,1
13273,1
13274,1
13275,1
13276,1
13277,1
13278,1
13279,1
13280,1
13281,0
13282,0
13283,0
13284,1
13285,1
13286,0
13287,0
13288,1
13289,1
13290,0
13291,0
13292,1
13293,1
13294,1
13295,0
13296,1
13297,0
13298,1
13299,0
13300,1
13301,1
13302,1
13303,1
13304,1
13305,1
13306,1
13307,0
13308,1
13309,1
13310,0
13311,1
13312,1
13313,1
13314,1
13315,0
13316,0
13317,0
13318,0
13319,1
13320,1
13321,0
13322,0
13323,1
13324,1
13325,1
13326,1
13327,1
13328,1
13329,1
13330,1
13331,1
13332,0
13333,0
13334,1
13335,0
13336,1
13337,0
13338,1
13339,1
13340,0
13341,1
13342,0
13343,1
13344,1
13345,1
13346,0
13347,0
13348,1
13349,1
13350,1
13351,0
13352,1
13353,1
13354,1
13355,1
13356,0
13357,0
13358,1
13359,1
13360,0
13361,1
13362,1
13363,1
13364,1
13365,1
13366,0
13367,1
13368,1
13369,1
13370,1
13371,1
13372,1
13373,1
13374,1
13375,1
13376,1
13377,1
13378,1
13379,0
13380,1
13381,1
13382,0
13383,1
13384,1
13385,0
13386,0
13387,0
13388,0
13389,0
13390,1
13391,1
13392,1
13393,1
13394,0
13395,1
13396,0
13397,0
13398,1
13399,1
13400,0
13401,1
13402,1
13403,1
13404,0
13405,1
13406,0
13407,0
13408,0
13409,0
13410,1
13411,0
13412,1
13413,1
13414,1
13415,0
13416,0
13417,0
13418,1
13419,0
13420,1
13421,1
13422,0
13423,0
13424,1
13425,0
13426,1
13427,0
13428,1
13429,1
13430,0
13431,0
13432,0
13433,1
13434,0
13435,0
13436,0
13437,0
13438,1
13439,0
13440,0
13441,1
13442,1
13443,1
13444,1
13445,0
13446,1
13447,0
13448,0
13449,0
13450,1
13451,1
13452,1
13453,0
13454,1
13455,1
13456,0
13457,1
13458,1
13459,0
13460,0
13461,1
13462,0
13463,1
13464,1
13465,1
13466,1
13467,0
13468,1
13469,1
13470,1
13471,1
13472,1
13473,1
13474,1
13475,1
13476,0
13477,1
13478,0
13479,1
13480,1
13481,1
13482,1
13483,1
13484,1
13485,0
13486,0
13487,1
13488,1
13489,1
13490,1
13491,0
13492,1
13493,0
13494,0
13495,1
13496,1
13497,1
13498,1
13499,1
13500,1
13501,1
13502,1
13503,0
13504,0
13505,0
13506,1
13507,0
13508,0
13509,0
13510,1
13511,1
13512,1
13513,1
13514,1
13515,1
13516,1
13517,0
13518,1
13519,1
13520,1
13521,1
13522,1
13523,0
13524,1
13525,1
13526,0
13527,1
13528,0
13529,0
13530,1
13531,1
13532,1
13533,1
13534,1
13535,0
13536,1
13537,1
13538,1
13539,1
13540,0
13541,0
13542,1
13543,0
13544,1
13545,1
13546,1
13547,0
13548,1
13549,0
13550,1
13551,1
13552,0
13553,0
13554,0
13555,1
13556,1
13557,1
13558,0
13559,0
13560,0
13561,1
13562,0
13563,1
13564,1
13565,1
13566,1
13567,1
13568,1
13569,0
13570,1
13571,1
13572,0
13573,0
13574,1
13575,1
13576,1
13577,1
13578,1
13579,0
13580,1
13581,1
13582,1
13583,0
13584,0
13585,1
13586,1
13587,1
13588,1
13589,1
13590,1
13591,1
13592,1
13593,0
13594,0
13595,0
13596,1
13597,1
13598,1
13599,1
13600,0
13601,1
13602,1
13603,1
13604,1
13605,1
13606,1
13607,0
13608,0
13609,1
13610,0
13611,0
13612,1
13613,1
13614,1
13615,1
13616,1
13617,1
13618,1
13619,1
13620,0
13621,1
13622,0
13623,0
13624,1
13625,0
13626,1
13627,0
13628,1
13629,1
13630,1
13631,0
13632,0
13633,0
13634,1
13635,1
13636,1
13637,1
13638,1
13639,0
13640,0
13641,1
13642,0
13643,1
13644,1
13645,1
13646,0
13647,1
13648,1
13649,0
13650,1
13651,0
13652,1
13653,1
13654,1
13655,0
13656,0
13657,0
13658,1
13659,0
13660,1
13661,1
13662,1
13663,1
13664,1
13665,1
13666,0
13667,1
13668,0
13669,1
13670,1
13671,0
13672,1
13673,0
13674,0
13675,0
13676,0
13677,0
13678,0
13679,1
13680,1
13681,0
13682,1
13683,1
13684,1
13685,1
13686,1
13687,0
13688,0
13689,1
13690,1
13691,0
13692,1
13693,0
13694,0
13695,1
13696,0
13697,1
13698,0
13699,0
13700,1
13701,1
13702,1
13703,0
13704,0
13705,1
13706,0
13707,1
13708,1
13709,1
13710,1
13711,1
13712,0
13713,1
13714,1
13715,1
13716,1
13717,1
13718,0
13719,1
13720,1
13721,1
13722,0
13723,1
13724,1
13725,1
13726,1
13727,1
13728,1
13729,1
13730,1
13731,1
13732,1
13733,1
13734,1
13735,1
13736,1
13737,0
13738,1
13739,1
13740,0
13741,1
13742,1
13743,0
13744,0
13745,1
13746,1
13747,1
13748,0
13749,1
13750,0
13751,1
13752,1
13753,0
13754,1
13755,1
13756,0
13757,1
13758,0
13759,0
13760,1
13761,0
13762,1
13763,0
13764,1
13765,1
13766,0
13767,1
13768,0
13769,1
13770,1
13771,0
13772,1
13773,0
13774,0
13775,0
13776,1
13777,0
13778,1
13779,1
13780,0
13781,1
13782,0
13783,0
13784,0
13785,1
13786,1
13787,0
13788,0
13789,0
13790,1
13791,0
13792,1
13793,1
13794,1
13795,1
13796,1
13797,1
13798,0
13799,1
13800,1
13801,1
13802,1
13803,1
13804,0
13805,1
13806,1
13807,1
13808,1
13809,0
13810,0
13811,1
13812,1
13813,1
13814,1
13815,1
13816,1
13817,0
13818,1
13819,1
13820,0
13821,1
13822,0
13823,0
13824,0
13825,1
13826,1
13827,1
13828,0
13829,1
13830,0
13831,0
13832,1
13833,1
13834,1
13835,0
13836,1
13837,1
13838,1
13839,0
13840,1
13841,0
13842,0
13843,1
13844,1
13845,0
13846,1
13847,1
13848,1
13849,1
13850,0
13851,1
13852,0
13853,1
13854,0
13855,1
13856,1
13857,0
13858,1
13859,1
13860,1
13861,1
13862,0
13863,1
13864,0
13865,1
13866,1
13867,1
13868,1
13869,0
13870,0
13871,0
13872,0
13873,0
13874,1
13875,1
13876,1
13877,1
13878,0
13879,1
13880,1
13881,1
13882,1
13883,0
13884,0
13885,0
13886,1
13887,1
13888,1
13889,1
13890,1
13891,1
13892,0
13893,1
13894,0
13895,0
13896,1
13897,1
13898,1
13899,1
13900,1
13901,1
13902,0
13903,1
13904,0
13905,0
13906,0
13907,1
13908,1
13909,0
13910,1
13911,0
13912,1
13913,1
13914,1
13915,1
13916,1
13917,1
13918,1
13919,1
13920,1
13921,0
13922,1
13923,1
13924,1
13925,1
13926,0
13927,1
13928,0
13929,1
13930,1
13931,1
13932,1
13933,1
13934,1
13935,1
13936,1
13937,1
13938,1
13939,0
13940,1
13941,0
13942,0
13943,1
13944,1
13945,0
13946,1
13947,0
13948,1
13949,0
13950,0
13951,1
13952,1
13953,1
13954,1
13955,0
13956,1
13957,1
13958,1
13959,1
13960,1
13961,0
13962,0
13963,1
13964,1
13965,1
13966,0
13967,0
13968,0
13969,1
13970,0
13971,1
13972,1
13973,1
13974,1
13975,1
13976,1
13977,1
13978,1
13979,0
13980,0
13981,1
13982,0
13983,0
13984,0
13985,1
13986,1
13987,0
13988,0
13989,1
13990,0
13991,1
13992,1
13993,0
13994,1
13995,0
13996,1
13997,0
13998,0
13999,1
14000,1
14001,1
14002,1
14003,0
14004,1
14005,1
14006,0
14007,1
14008,1
14009,1
14010,1
14011,0
14012,0
14013,1
14014,1
14015,1
14016,0
14017,1
14018,0
14019,1
14020,1
14021,1
14022,1
14023,1
14024,0
14025,1
14026,1
14027,1
14028,0
14029,1
14030,0
14031,1
14032,1
14033,0
14034,1
14035,1
14036,0
14037,1
14038,0
14039,0
14040,0
14041,1
14042,0
14043,1
14044,1
14045,1
14046,1
14047,0
14048,1
14049,1
14050,0
14051,0
14052,1
14053,1
14054,1
14055,1
14056,1
14057,1
14058,1
14059,1
14060,0
14061,0
14062,0
14063,1
14064,1
14065,1
14066,1
14067,1
14068,1
14069,1
14070,1
14071,0
14072,1
14073,0
14074,1
14075,0
14076,0
14077,1
14078,1
14079,1
14080,1
14081,0
14082,0
14083,1
14084,0
14085,1
14086,1
14087,0
14088,1
14089,1
14090,1
14091,0
14092,1
14093,0
14094,1
14095,0
14096,0
14097,1
14098,1
14099,1
14100,1
14101,0
14102,0
14103,1
14104,1
14105,0
14106,1
14107,1
14108,1
14109,1
14110,1
14111,1
14112,0
14113,1
14114,1
14115,1
14116,0
14117,1
14118,1
14119,1
14120,1
14121,1
14122,1
14123,1
14124,1
14125,0
14126,0
14127,0
14128,0
14129,0
14130,1
14131,1
14132,0
14133,0
14134,1
14135,0
14136,0
14137,0
14138,0
14139,1
14140,0
14141,1
14142,1
14143,1
14144,0
14145,0
14146,0
14147,1
14148,1
14149,0
14150,1
14151,1
14152,1
14153,1
14154,1
14155,1
14156,1
14157,1
14158,1
14159,1
14160,0
14161,0
14162,0
14163,0
14164,1
14165,1
14166,0
14167,0
14168,0
14169,1
14170,1
14171,1
14172,1
14173,1
14174,1
14175,1
14176,1
14177,0
14178,0
14179,1
14180,1
14181,1
14182,1
14183,1
14184,0
14185,0
14186,1
14187,0
14188,1
14189,1
14190,0
14191,1
14192,1
14193,1
14194,1
14195,1
14196,1
14197,1
14198,1
14199,0
14200,0
14201,1
14202,0
14203,1
14204,0
14205,1
14206,0
14207,1
14208,1
14209,0
14210,1
14211,0
14212,1
14213,1
14214,0
14215,1
14216,1
14217,0
14218,0
14219,1
14220,0
14221,0
14222,1
14223,1
14224,1
14225,1
14226,1
14227,1
14228,1
14229,0
14230,1
14231,1
14232,0
14233,1
14234,0
14235,1
14236,1
14237,1
14238,1
14239,1
14240,0
14241,0
14242,1
14243,1
14244,1
14245,1
14246,1
14247,0
14248,1
14249,0
14250,0
14251,1
14252,1
14253,0
14254,1
14255,1
14256,1
14257,1
14258,0
14259,1
14260,1
14261,1
14262,0
14263,1
14264,1
14265,1
14266,0
14267,1
14268,1
14269,1
14270,1
14271,1
14272,1
14273,0
14274,1
14275,1
14276,1
14277,1
14278,0
14279,0
14280,0
14281,1
14282,1
14283,1
14284,0
14285,0
14286,1
14287,1
14288,1
14289,0
14290,1
14291,1
14292,1
14293,1
14294,1
14295,0
14296,1
14297,1
14298,1
14299,1
14300,1
14301,1
14302,0
14303,1
14304,1
14305,1
14306,1
14307,0
14308,0
14309,0
14310,1
14311,1
14312,0
14313,1
14314,1
14315,0
14316,0
14317,1
14318,1
14319,1
14320,1
14321,1
14322,0
14323,1
14324,1
14325,1
14326,1
14327,1
14328,1
14329,0
14330,1
14331,1
14332,1
14333,1
14334,1
14335,1
14336,1
14337,0
14338,1
14339,1
14340,0
14341,1
14342,1
14343,0
14344,1
14345,1
14346,1
14347,1
14348,0
14349,0
14350,1
14351,1
14352,0
14353,0
14354,0
14355,1
14356,1
14357,0
14358,0
14359,0
14360,1
14361,0
14362,0
14363,1
14364,0
14365,0
14366,1
14367,0
14368,0
14369,1
14370,1
14371,1
14372,1
14373,0
14374,0
14375,1
14376,0
14377,1
14378,0
14379,1
14380,1
14381,1
14382,1
14383,1
14384,1
14385,1
14386,1
14387,1
14388,0
14389,0
14390,0
14391,1
14392,0
14393,0
14394,0
14395,1
14396,0
14397,1
14398,1
14399,0
14400,1
14401,1
14402,0
14403,1
14404,0
14405,0
14406,1
14407,1
14408,1
14409,1
14410,0
14411,1
14412,0
14413,1
14414,1
14415,1
14416,1
14417,1
14418,0
14419,1
14420,0
14421,1
14422,0
14423,1
14424,1
14425,1
14426,1
14427,0
14428,1
14429,1
14430,0
14431,0
14432,1
14433,0
14434,1
14435,1
14436,1
14437,1
14438,0
14439,0
14440,0
14441,1
14442,1
14443,1
14444,1
14445,1
14446,1
14447,0
14448,1
14449,1
14450,1
14451,0
14452,1
14453,0
14454,0
14455,1
14456,0
14457,1
14458,0
14459,1
14460,0
14461,1
14462,1
14463,0
14464,1
14465,1
14466,0
14467,1
14468,0
14469,0
14470,0
14471,0
14472,0
14473,1
14474,1
14475,0
14476,1
14477,1
14478,1
14479,1
14480,0
14481,0
14482,0
14483,0
14484,1
14485,0
14486,1
14487,1
14488,1
14489,0
14490,1
14491,1
14492,1
14493,0
14494,1
14495,0
14496,1
14497,1
14498,1
14499,0
14500,1
14501,1
14502,1
14503,0
14504,1
14505,1
14506,1
14507,0
14508,0
14509,1
14510,1
14511,1
14512,1
14513,0
14514,0
14515,0
14516,0
14517,1
14518,1
14519,1
14520,1
14521,0
14522,0
14523,1
14524,1
14525,1
14526,1
14527,1
14528,0
14529,1
14530,1
14531,1
14532,1
14533,0
14534,1
14535,0
14536,1
14537,0
14538,0
14539,1
14540,0
14541,0
14542,1
14543,1
14544,1
14545,1
14546,0
14547,1
14548,0
14549,1
14550,1
14551,1
14552,1
14553,1
14554,1
14555,1
14556,0
14557,1
14558,1
14559,1
14560,1
14561,1
14562,1
14563,1
14564,1
14565,1
14566,1
14567,1
14568,1
14569,1
14570,1
14571,1
14572,1
14573,1
14574,1
14575,1
14576,1
14577,1
14578,1
14579,1
14580,0
14581,0
14582,1
14583,0
14584,1
14585,0
14586,0
14587,0
14588,1
14589,0
14590,1
14591,1
14592,1
14593,0
14594,0
14595,1
14596,1
14597,1
14598,1
14599,1
14600,1
14601,0
14602,1
14603,1
14604,0
14605,0
14606,0
14607,1
14608,1
14609,1
14610,1
14611,0
14612,1
14613,1
14614,0
14615,1
14616,1
14617,0
14618,1
14619,0
14620,0
14621,0
14622,0
14623,0
14624,0
14625,1
14626,0
14627,1
14628,1
14629,0
14630,1
14631,1
14632,0
14633,1
14634,0
14635,1
14636,1
14637,0
14638,1
14639,1
14640,0
14641,1
14642,0
14643,1
14644,0
14645,1
14646,0
14647,0
14648,1
14649,1
14650,0
14651,1
14652,0
14653,1
14654,1
14655,1
14656,1
14657,1
14658,1
14659,1
14660,1
14661,1
14662,1
14663,1
14664,0
14665,1
14666,0
14667,0
14668,1
14669,1
14670,1
14671,0
14672,1
14673,0
14674,1
14675,1
14676,0
14677,0
14678,0
14679,1
14680,0
14681,1
14682,0
14683,1
14684,0
14685,0
14686,1
14687,1
14688,1
14689,0
14690,0
14691,1
14692,0
14693,0
14694,1
14695,1
14696,0
14697,1
14698,1
14699,0
14700,1
14701,0
14702,0
14703,1
14704,1
14705,1
14706,1
14707,0
14708,0
14709,0
14710,0
14711,0
14712,1
14713,0
14714,1
14715,1
14716,0
14717,1
14718,1
14719,0
14720,0
14721,1
14722,1
14723,0
14724,1
14725,1
14726,0
14727,1
14728,0
14729,0
14730,0
14731,0
14732,1
14733,1
14734,1
14735,1
14736,1
14737,1
14738,1
14739,1
14740,1
14741,1
14742,1
14743,1
14744,0
14745,0
14746,1
14747,0
14748,1
14749,1
14750,1
14751,1
14752,0
14753,1
14754,0
14755,1
14756,1
14757,1
14758,1
14759,1
14760,0
14761,0
14762,1
14763,1
14764,1
14765,1
14766,0
14767,1
14768,1
14769,0
14770,0
14771,0
14772,0
14773,0
14774,0
14775,1
14776,1
14777,1
14778,1
14779,0
14780,1
14781,1
14782,1
14783,1
14784,1
14785,1
14786,1
14787,1
14788,0
14789,1
14790,1
14791,1
14792,0
14793,1
14794,1
14795,1
14796,1
14797,0
14798,1
14799,0
14800,0
14801,1
14802,1
14803,1
14804,1
14805,1
14806,1
14807,0
14808,1
14809,1
14810,1
14811,0
14812,1
14813,0
14814,0
14815,1
14816,1
14817,1
14818,1
14819,0
14820,0
14821,1
14822,1
14823,1
14824,0
14825,1
14826,1
14827,1
14828,1
14829,0
14830,1
14831,1
14832,1
14833,1
14834,1
14835,0
14836,0
14837,0
14838,1
14839,0
14840,0
14841,0
14842,1
14843,0
14844,0
14845,1
14846,1
14847,0
14848,1
14849,1
14850,1
14851,1
14852,1
14853,1
14854,1
14855,1
14856,0
14857,0
14858,0
14859,1
14860,1
14861,1
14862,1
14863,1
14864,1
14865,1
14866,0
14867,1
14868,1
14869,1
14870,0
14871,1
14872,0
14873,0
14874,1
14875,1
14876,0
14877,1
14878,1
14879,0
14880,1
14881,1
14882,1
14883,1
14884,1
14885,0
14886,1
14887,1
14888,1
14889,1
14890,1
14891,1
14892,1
14893,1
14894,1
14895,1
14896,0
14897,1
14898,0
14899,1
14900,1
14901,0
14902,1
14903,1
14904,1
14905,1
14906,1
14907,1
14908,1
14909,1
14910,1
14911,1
14912,0
14913,1
14914,1
14915,1
14916,1
14917,1
14918,1
14919,0
14920,1
14921,1
14922,1
14923,1
14924,0
14925,1
14926,1
14927,0
14928,1
14929,0
14930,1
14931,0
14932,0
14933,0
14934,1
14935,0
14936,1
14937,1
14938,1
14939,1
14940,1
14941,1
14942,1
14943,1
14944,1
14945,0
14946,0
14947,1
14948,1
14949,0
14950,1
14951,1
14952,0
14953,1
14954,0
14955,1
14956,1
14957,0
14958,0
14959,1
14960,0
14961,1
14962,1
14963,0
14964,1
14965,0
14966,1
14967,1
14968,0
14969,1
14970,1
14971,0
14972,1
14973,1
14974,0
14975,1
14976,1
14977,1
14978,1
14979,1
14980,1
14981,0
14982,1
14983,1
14984,1
14985,1
14986,1
14987,1
14988,0
14989,1
14990,1
14991,1
14992,1
14993,0
14994,1
14995,1
14996,0
14997,1
14998,1
14999,1
15000,1
15001,1
15002,1
15003,1
15004,1
15005,1
15006,1
15007,1
15008,0
15009,1
15010,1
15011,1
15012,1
15013,1
15014,1
15015,0
15016,1
15017,0
15018,1
15019,0
15020,0
15021,1
15022,0
15023,1
15024,1
15025,0
15026,1
15027,1
15028,1
15029,1
15030,1
15031,0
15032,1
15033,1
15034,1
15035,1
15036,0
15037,1
15038,0
15039,1
15040,0
15041,0
15042,1
15043,0
15044,1
15045,0
15046,0
15047,0
15048,1
15049,1
15050,1
15051,1
15052,1
15053,1
15054,1
15055,1
15056,1
15057,0
15058,0
15059,1
15060,0
15061,1
15062,0
15063,0
15064,0
15065,1
15066,0
15067,1
15068,1
15069,1
15070,1
15071,0
15072,1
15073,0
15074,1
15075,1
15076,0
15077,1
15078,1
15079,1
15080,1
15081,0
15082,1
15083,1
15084,1
15085,1
15086,1
15087,0
15088,1
15089,1
15090,1
15091,1
15092,0
15093,1
15094,1
15095,1
15096,0
15097,1
15098,1
15099,1
15100,0
15101,1
15102,1
15103,1
15104,0
15105,1
15106,1
15107,1
15108,1
15109,1
15110,0
15111,1
15112,0
15113,0
15114,0
15115,1
15116,1
15117,1
15118,1
15119,1
15120,0
15121,0
15122,1
15123,1
15124,1
15125,1
15126,1
15127,1
15128,1
15129,1
15130,1
15131,1
15132,1
15133,0
15134,1
15135,1
15136,1
15137,1
15138,1
15139,1
15140,1
15141,1
15142,1
15143,1
15144,0
15145,0
15146,0
15147,1
15148,1
15149,1
15150,1
15151,1
15152,0
15153,0
15154,0
15155,1
15156,1
15157,1
15158,1
15159,1
15160,1
15161,0
15162,1
15163,0
15164,1
15165,1
15166,1
15167,1
15168,1
15169,1
15170,0
15171,1
15172,1
15173,0
15174,1
15175,1
15176,0
15177,0
15178,1
15179,0
15180,1
15181,0
15182,1
15183,0
15184,1
15185,1
15186,1
15187,0
15188,1
15189,1
15190,0
15191,0
15192,0
15193,1
15194,0
15195,0
15196,0
15197,0
15198,1
15199,0
15200,1
15201,1
15202,1
15203,1
15204,1
15205,0
15206,0
15207,1
15208,1
15209,1
15210,1
15211,0
15212,0
15213,0
15214,1
15215,0
15216,1
15217,0
15218,1
15219,1
15220,1
15221,1
15222,1
15223,1
15224,1
15225,0
15226,1
15227,0
15228,1
15229,1
15230,1
15231,0
15232,0
15233,1
15234,1
15235,0
15236,0
15237,1
15238,0
15239,0
15240,1
15241,1
15242,1
15243,1
15244,1
15245,1
15246,1
15247,1
15248,1
15249,1
15250,1
15251,0
15252,0
15253,1
15254,1
15255,1
15256,1
15257,0
15258,1
15259,0
15260,0
15261,1
15262,1
15263,0
15264,0
15265,1
15266,1
15267,1
15268,0
15269,1
15270,0
15271,1
15272,1
15273,0
15274,1
15275,0
15276,1
15277,1
15278,0
15279,0
15280,1
15281,0
15282,1
15283,1
15284,1
15285,1
15286,1
15287,1
15288,0
15289,0
15290,1
15291,1
15292,0
15293,1
15294,1
15295,1
15296,1
15297,1
15298,1
15299,1
15300,1
15301,1
15302,1
15303,0
15304,1
15305,0
15306,0
15307,1
15308,0
15309,1
15310,1
15311,0
15312,1
15313,1
15314,1
15315,1
15316,1
15317,0
15318,0
15319,1
15320,1
15321,1
15322,0
15323,1
15324,1
15325,0
15326,1
15327,0
15328,1
15329,1
15330,1
15331,1
15332,1
15333,1
15334,0
15335,1
15336,1
15337,0
15338,1
15339,1
15340,0
15341,1
15342,0
15343,0
15344,1
15345,0
15346,0
15347,1
15348,0
15349,1
15350,1
15351,0
15352,0
15353,1
15354,1
15355,1
15356,0
15357,1
15358,1
15359,0
15360,1
15361,1
15362,1
15363,1
15364,1
15365,0
15366,1
15367,1
15368,1
15369,1
15370,1
15371,0
15372,1
15373,1
15374,0
15375,1
15376,1
15377,0
15378,1
15379,1
15380,0
15381,0
15382,0
15383,1
15384,1
15385,1
15386,0
15387,1
15388,1
15389,0
15390,0
15391,0
15392,1
15393,0
15394,1
15395,1
15396,1
15397,1
15398,1
15399,1
15400,1
15401,1
15402,1
15403,0
15404,0
15405,0
15406,1
15407,1
15408,0
15409,1
15410,0
15411,0
15412,1
15413,1
15414,1
15415,1
15416,1
15417,1
15418,0
15419,0
15420,1
15421,1
15422,1
15423,0
15424,0
15425,0
15426,1
15427,1
15428,0
15429,1
15430,1
15431,1
15432,1
15433,1
15434,1
15435,1
15436,1
15437,0
15438,1
15439,1
15440,1
15441,1
15442,0
15443,0
15444,1
15445,0
15446,0
15447,0
15448,1
15449,1
15450,0
15451,1
15452,0
15453,0
15454,0
15455,0
15456,1
15457,0
15458,1
15459,0
15460,1
15461,1
15462,1
15463,0
15464,1
15465,1
15466,1
15467,1
15468,1
15469,1
15470,1
15471,1
15472,1
15473,1
15474,1
15475,1
15476,1
15477,1
15478,1
15479,1
15480,1
15481,0
15482,1
15483,1
15484,1
15485,1
15486,1
15487,0
15488,1
15489,1
15490,1
15491,1
15492,1
15493,1
15494,1
15495,0
15496,1
15497,1
15498,0
15499,0
15500,1
15501,1
15502,1
15503,1
15504,0
15505,0
15506,1
15507,1
15508,0
15509,0
15510,1
15511,1
15512,0
15513,1
15514,1
15515,1
15516,1
15517,1
15518,0
15519,1
15520,1
15521,1
15522,0
15523,1
15524,1
15525,0
15526,1
15527,0
15528,1
15529,1
15530,0
15531,1
15532,0
15533,1
15534,0
15535,1
15536,1
15537,1
15538,1
15539,0
15540,1
15541,1
15542,1
15543,0
15544,0
15545,1
15546,1
15547,1
15548,0
15549,0
15550,1
15551,1
15552,1
15553,0
15554,1
15555,0
15556,0
15557,1
15558,1
15559,0
15560,0
15561,1
15562,0
15563,1
15564,1
15565,0
15566,0
15567,1
15568,0
15569,0
15570,0
15571,0
15572,1
15573,0
15574,0
15575,0
15576,1
15577,0
15578,0
15579,1
15580,0
15581,1
15582,1
15583,1
15584,0
15585,1
15586,0
15587,1
15588,1
15589,1
15590,1
15591,0
15592,1
15593,1
15594,0
15595,1
15596,0
15597,1
15598,0
15599,1
15600,1
15601,1
15602,0
15603,0
15604,1
15605,1
15606,1
15607,0
15608,0
15609,0
15610,0
15611,0
15612,1
15613,1
15614,0
15615,1
15616,0
15617,1
15618,1
15619,1
15620,1
15621,0
15622,1
15623,0
15624,0
15625,1
15626,1
15627,1
15628,0
15629,0
15630,1
15631,1
15632,0
15633,0
15634,0
15635,0
15636,0
15637,0
15638,1
15639,0
15640,1
15641,0
15642,1
15643,1
15644,0
15645,0
15646,1
15647,1
15648,0
15649,1
15650,1
15651,1
15652,0
15653,1
15654,0
15655,0
15656,0
15657,1
15658,1
15659,0
15660,1
15661,0
15662,0
15663,1
15664,0
15665,0
15666,1
15667,1
15668,0
15669,0
15670,1
15671,1
15672,0
15673,0
15674,1
15675,0
15676,1
15677,1
15678,1
15679,1
15680,1
15681,1
15682,0
15683,1
15684,0
15685,1
15686,1
15687,0
15688,1
15689,1
15690,1
15691,1
15692,0
15693,1
15694,0
15695,0
15696,1
15697,1
15698,1
15699,1
15700,0
15701,1
15702,0
15703,0
15704,1
15705,1
15706,1
15707,1
15708,0
15709,1
15710,0
15711,1
15712,1
15713,1
15714,1
15715,0
15716,1
15717,1
15718,0
15719,1
15720,1
15721,1
15722,0
15723,1
15724,0
15725,1
15726,1
15727,0
15728,1
15729,1
15730,1
15731,0
15732,1
15733,1
15734,0
15735,0
15736,0
15737,0
15738,1
15739,1
15740,0
15741,0
15742,1
15743,0
15744,1
15745,1
15746,1
15747,1
15748,1
15749,1
15750,0
15751,1
15752,1
15753,0
15754,1
15755,1
15756,1
15757,1
15758,1
15759,1
15760,1
15761,1
15762,1
15763,1
15764,1
15765,0
15766,1
15767,0
15768,0
15769,0
15770,1
15771,0
15772,0
15773,1
15774,0
15775,1
15776,1
15777,0
15778,1
15779,1
15780,1
15781,1
15782,1
15783,1
15784,1
15785,1
15786,0
15787,1
15788,1
15789,0
15790,0
15791,1
15792,0
15793,0
15794,0
15795,1
15796,0
15797,1
15798,0
15799,0
15800,0
15801,1
15802,1
15803,0
15804,1
15805,0
15806,0
15807,1
15808,0
15809,0
15810,1
15811,1
15812,1
15813,0
15814,1
15815,1
15816,1
15817,0
15818,1
15819,0
15820,1
15821,0
15822,1
15823,1
15824,0
15825,0
15826,1
15827,0
15828,0
15829,1
15830,1
15831,1
15832,1
15833,1
15834,1
15835,1
15836,1
15837,0
15838,1
15839,1
15840,0
15841,1
15842,1
15843,0
15844,1
15845,1
15846,1
15847,0
15848,0
15849,0
15850,1
15851,0
15852,1
15853,0
15854,1
15855,1
15856,1
15857,0
15858,0
15859,0
15860,1
15861,0
15862,0
15863,0
15864,1
15865,1
15866,1
15867,0
15868,0
15869,1
15870,1
15871,1
15872,0
15873,1
15874,1
15875,0
15876,1
15877,0
15878,0
15879,0
15880,1
15881,1
15882,0
15883,1
15884,1
15885,1
15886,0
15887,1
15888,1
15889,1
15890,0
15891,0
15892,1
15893,1
15894,1
15895,1
15896,0
15897,1
15898,1
15899,1
15900,0
15901,0
15902,1
15903,1
15904,0
15905,1
15906,0
15907,1
15908,0
15909,1
15910,1
15911,1
15912,1
15913,0
15914,1
15915,0
15916,0
15917,0
15918,1
15919,1
15920,1
15921,0
15922,1
15923,0
15924,1
15925,1
15926,1
15927,1
15928,1
15929,0
15930,1
15931,0
15932,1
15933,1
15934,1
15935,1
15936,0
15937,1
15938,1
15939,1
15940,0
15941,1
15942,1
15943,1
15944,0
15945,1
15946,0
15947,1
15948,0
15949,1
15950,1
15951,1
15952,1
15953,1
15954,0
15955,1
15956,0
15957,1
15958,1
15959,1
15960,1
15961,0
15962,0
15963,1
15964,1
15965,1
15966,0
15967,0
15968,1
15969,1
15970,1
15971,1
15972,1
15973,1
15974,1
15975,0
15976,1
15977,0
15978,0
15979,1
15980,1
15981,1
15982,1
15983,1
15984,1
15985,0
15986,1
15987,0
15988,1
15989,1
15990,0
15991,1
15992,1
15993,1
15994,1
15995,1
15996,1
15997,1
15998,1
15999,0
16000,0
16001,0
16002,1
16003,1
16004,1
16005,1
16006,0
16007,1
16008,1
16009,1
16010,1
16011,0
16012,0
16013,0
16014,1
16015,1
16016,0
16017,1
16018,1
16019,1
16020,0
16021,0
16022,1
16023,1
16024,0
16025,1
16026,1
16027,1
16028,1
16029,1
16030,1
16031,0
16032,1
16033,1
16034,1
16035,1
16036,1
16037,1
16038,0
16039,0
16040,1
16041,1
16042,0
16043,1
16044,1
16045,1
16046,1
16047,1
16048,1
16049,1
16050,0
16051,1
16052,1
16053,1
16054,1
16055,1
16056,1
16057,0
16058,1
16059,1
16060,1
16061,1
16062,0
16063,0
16064,0
16065,1
16066,1
16067,1
16068,0
16069,0
16070,1
16071,1
16072,1
16073,0
16074,1
16075,0
16076,0
16077,0
16078,0
16079,0
16080,1
16081,0
16082,1
16083,1
16084,1
16085,1
16086,1
16087,0
16088,1
16089,1
16090,0
16091,1
16092,1
16093,1
16094,1
16095,0
16096,1
16097,1
16098,0
16099,0
16100,1
16101,1
16102,1
16103,1
16104,1
16105,1
16106,0
16107,1
16108,1
16109,0
16110,1
16111,1
16112,0
16113,0
16114,0
16115,1
16116,1
16117,1
16118,0
16119,0
16120,1
16121,1
16122,0
16123,1
16124,1
16125,1
16126,1
16127,1
16128,1
16129,1
16130,1
16131,0
16132,0
16133,1
16134,1
16135,1
16136,1
16137,1
16138,1
16139,1
16140,0
16141,0
16142,0
16143,1
16144,1
16145,0
16146,1
16147,0
16148,0
16149,1
16150,0
16151,1
16152,0
16153,1
16154,1
16155,1
16156,0
16157,1
16158,1
16159,1
16160,0
16161,0
16162,0
16163,1
16164,1
16165,0
16166,0
16167,0
16168,1
16169,0
16170,0
16171,1
16172,1
16173,0
16174,1
16175,0
16176,1
16177,0
16178,1
16179,1
16180,1
16181,0
16182,0
16183,0
16184,0
16185,1
16186,1
16187,1
16188,1
16189,1
16190,0
16191,1
16192,1
16193,1
16194,0
16195,1
16196,0
16197,1
16198,1
16199,0
16200,0
16201,0
16202,1
16203,0
16204,1
16205,1
16206,1
16207,1
16208,1
16209,0
16210,1
16211,0
16212,0
16213,1
16214,0
16215,0
16216,1
16217,1
16218,0
16219,1
16220,1
16221,0
16222,0
16223,0
16224,0
16225,1
16226,0
16227,0
16228,1
16229,1
16230,1
16231,1
16232,1
16233,0
16234,0
16235,1
16236,0
16237,1
16238,0
16239,1
16240,1
16241,1
16242,1
16243,0
16244,1
16245,0
16246,0
16247,1
16248,0
16249,0
16250,0
16251,1
16252,1
16253,1
16254,0
16255,0
16256,1
16257,0
16258,1
16259,1
16260,1
16261,1
16262,0
16263,1
16264,1
16265,1
16266,0
16267,1
16268,1
16269,0
16270,1
16271,0
16272,1
16273,1
16274,1
16275,0
16276,1
16277,1
16278,0
16279,1
16280,1
16281,1
16282,1
16283,1
16284,1
16285,1
16286,1
16287,1
16288,0
16289,1
16290,1
16291,0
16292,1
16293,1
16294,1
16295,1
16296,1
16297,1
16298,1
16299,1
16300,1
16301,1
16302,1
16303,0
16304,1
16305,0
16306,1
16307,0
16308,0
16309,1
16310,1
16311,0
16312,1
16313,1
16314,1
16315,1
16316,1
16317,1
16318,1
16319,1
16320,0
16321,1
16322,0
16323,1
16324,1
16325,0
16326,1
16327,1
16328,1
16329,0
16330,0
16331,1
16332,1
16333,1
16334,1
16335,0
16336,1
16337,1
16338,1
16339,1
16340,0
16341,1
16342,1
16343,1
16344,0
16345,1
16346,1
16347,1
16348,1
16349,1
16350,0
16351,0
16352,0
16353,0
16354,1
16355,0
16356,1
16357,1
16358,1
16359,0
16360,1
16361,1
16362,1
16363,0
16364,0
16365,0
16366,0
16367,0
16368,1
16369,0
16370,0
16371,1
16372,1
16373,1
16374,0
16375,1
16376,1
16377,1
16378,0
16379,0
16380,0
16381,0
16382,1
16383,0
16384,1
16385,1
16386,0
16387,0
16388,0
16389,0
16390,1
16391,1
16392,0
16393,0
16394,1
16395,1
16396,0
16397,1
16398,0
16399,1
16400,1
16401,1
16402,1
16403,1
16404,1
16405,1
16406,0
16407,1
16408,1
16409,0
16410,1
16411,1
16412,1
16413,1
16414,0
16415,1
16416,1
16417,0
16418,0
16419,0
16420,1
16421,1
16422,0
16423,1
16424,1
16425,1
16426,1
16427,1
16428,0
16429,0
16430,1
16431,1
16432,1
16433,0
16434,1
16435,1
16436,1
16437,0
16438,1
16439,1
16440,1
16441,0
16442,1
16443,1
16444,1
16445,0
16446,1
16447,0
16448,0
16449,0
16450,0
16451,1
16452,1
16453,1
16454,1
16455,1
16456,1
16457,1
16458,1
16459,1
16460,0
16461,1
16462,1
16463,1
16464,0
16465,1
16466,1
16467,1
16468,1
16469,1
16470,0
16471,1
16472,1
16473,1
16474,1
16475,0
16476,0
16477,1
16478,1
16479,1
16480,0
16481,1
16482,1
16483,1
16484,1
16485,1
16486,0
16487,1
16488,1
16489,1
16490,1
16491,0
16492,0
16493,1
16494,1
16495,1
16496,1
16497,1
16498,1
16499,1
16500,0
16501,0
16502,0
16503,1
16504,1
16505,0
16506,1
16507,0
16508,1
16509,1
16510,1
16511,1
16512,1
16513,1
16514,1
16515,0
16516,1
16517,0
16518,0
16519,1
16520,1
16521,0
16522,1
16523,0
16524,0
16525,0
16526,1
16527,0
16528,1
16529,0
16530,1
16531,0
16532,1
16533,1
16534,1
16535,1
16536,1
16537,1
16538,1
16539,0
16540,1
16541,1
16542,1
16543,0
16544,1
16545,0
16546,1
16547,0
16548,1
16549,1
16550,1
16551,1
16552,1
16553,0
16554,1
16555,1
16556,1
16557,1
16558,1
16559,1
16560,1
16561,1
16562,1
16563,1
16564,1
16565,0
16566,1
16567,0
16568,0
16569,1
16570,1
16571,0
16572,1
16573,1
16574,1
16575,1
16576,1
16577,1
16578,0
16579,1
16580,0
16581,1
16582,0
16583,1
16584,1
16585,1
16586,0
16587,1
16588,1
16589,1
16590,1
16591,0
16592,0
16593,1
16594,0
16595,1
16596,0
16597,1
16598,1
16599,1
16600,0
16601,1
16602,1
16603,0
16604,1
16605,0
16606,1
16607,0
16608,1
16609,0
16610,1
16611,1
16612,0
16613,1
16614,1
16615,0
16616,1
16617,1
16618,0
16619,1
16620,1
16621,1
16622,0
16623,0
16624,1
16625,0
16626,1
16627,0
16628,0
16629,0
16630,1
16631,1
16632,1
16633,0
16634,1
16635,0
16636,1
16637,0
16638,1
16639,1
16640,1
16641,0
16642,1
16643,1
16644,1
16645,0
16646,1
16647,1
16648,1
16649,1
16650,0
16651,1
16652,0
16653,0
16654,0
16655,1
16656,0
16657,1
16658,1
16659,1
16660,1
16661,1
16662,1
16663,0
16664,1
16665,0
16666,1
16667,1
16668,1
16669,1
16670,0
16671,0
16672,1
16673,0
16674,1
16675,1
16676,1
16677,1
16678,1
16679,1
16680,0
16681,1
16682,1
16683,1
16684,1
16685,1
16686,1
16687,0
16688,1
16689,1
16690,1
16691,1
16692,1
16693,1
16694,1
16695,1
16696,1
16697,1
16698,0
16699,0
16700,0
16701,1
16702,1
16703,1
16704,1
16705,1
16706,1
16707,0
16708,0
16709,1
16710,0
16711,1
16712,1
16713,0
16714,0
16715,0
16716,1
16717,1
16718,1
16719,1
16720,0
16721,1
16722,1
16723,1
16724,0
16725,1
16726,1
16727,1
16728,1
16729,1
16730,1
16731,0
16732,0
16733,1
16734,1
16735,1
16736,0
16737,1
16738,0
16739,0
16740,0
16741,1
16742,0
16743,1
16744,1
16745,1
16746,0
16747,1
16748,0
16749,1
16750,0
16751,1
16752,0
16753,0
16754,1
16755,1
16756,1
16757,0
16758,1
16759,1
16760,1
16761,1
16762,0
16763,0
16764,0
16765,1
16766,1
16767,0
16768,0
16769,0
16770,1
16771,1
16772,1
16773,1
16774,0
16775,1
16776,0
16777,1
16778,1
16779,1
16780,1
16781,1
16782,1
16783,1
16784,1
16785,1
16786,0
16787,1
16788,1
16789,1
16790,0
16791,1
16792,0
16793,1
16794,1
16795,0
16796,1
16797,1
16798,1
16799,1
16800,0
16801,1
16802,1
16803,1
16804,1
16805,1
16806,1
16807,1
16808,1
16809,1
16810,1
16811,1
16812,0
16813,1
16814,0
16815,0
16816,1
16817,1
16818,0
16819,1
16820,1
16821,0
16822,0
16823,1
16824,1
16825,1
16826,1
16827,1
16828,0
16829,1
16830,1
16831,1
16832,1
16833,1
16834,1
16835,1
16836,1
16837,1
16838,1
16839,1
16840,0
16841,0
16842,1
16843,1
16844,0
16845,1
16846,1
16847,0
16848,0
16849,1
16850,0
16851,1
16852,1
16853,1
16854,0
16855,0
16856,1
16857,1
16858,1
16859,0
16860,1
16861,1
16862,1
16863,0
16864,0
16865,1
16866,0
16867,0
16868,1
16869,1
16870,1
16871,1
16872,0
16873,1
16874,1
16875,0
16876,0
16877,1
16878,0
16879,1
16880,1
16881,1
16882,0
16883,1
16884,1
16885,0
16886,1
16887,1
16888,0
16889,1
16890,0
16891,0
16892,1
16893,0
16894,1
16895,1
16896,1
16897,1
16898,1
16899,0
16900,1
16901,1
16902,0
16903,1
16904,1
16905,1
16906,1
16907,1
16908,1
16909,0
16910,1
16911,1
16912,1
16913,1
16914,1
16915,1
16916,0
16917,0
16918,1
16919,1
16920,1
16921,1
16922,1
16923,1
16924,0
16925,0
16926,1
16927,1
16928,0
16929,1
16930,0
16931,0
16932,1
16933,1
16934,1
16935,1
16936,0
16937,1
16938,1
16939,1
16940,1
16941,0
16942,1
16943,1
16944,1
16945,1
16946,1
16947,0
16948,0
16949,1
16950,1
16951,1
16952,0
16953,0
16954,1
16955,0
16956,0
16957,0
16958,1
16959,1
16960,0
16961,1
16962,1
16963,1
16964,1
16965,1
16966,0
16967,0
16968,1
16969,0
16970,1
16971,0
16972,1
16973,1
16974,1
16975,1
16976,0
16977,1
16978,0
16979,1
16980,0
16981,1
16982,0
16983,0
16984,1
16985,1
16986,1
16987,1
16988,1
16989,1
16990,1
16991,1
16992,1
16993,0
16994,0
16995,1
16996,1
16997,0
16998,0
16999,0
17000,1
17001,0
17002,0
17003,1
17004,1
17005,0
17006,1
17007,1
17008,1
17009,0
17010,1
17011,1
17012,1
17013,1
17014,1
17015,1
17016,1
17017,1
17018,0
17019,0
17020,1
17021,1
17022,1
17023,0
17024,1
17025,1
17026,1
17027,1
17028,1
17029,1
17030,1
17031,1
17032,1
17033,1
17034,0
17035,0
17036,1
17037,1
17038,1
17039,1
17040,1
17041,0
17042,0
17043,1
17044,0
17045,1
17046,1
17047,1
17048,0
17049,0
17050,1
17051,1
17052,1
17053,1
17054,0
17055,1
17056,1
17057,1
17058,0
17059,0
17060,0
17061,1
17062,1
17063,0
17064,0
17065,0
17066,1
17067,0
17068,1
17069,1
17070,1
17071,0
17072,1
17073,1
17074,1
17075,0
17076,1
17077,0
17078,1
17079,1
17080,1
17081,1
17082,0
17083,1
17084,1
17085,0
17086,1
17087,0
17088,1
17089,1
17090,0
17091,1
17092,1
17093,0
17094,1
17095,0
17096,0
17097,0
17098,1
17099,0
17100,0
17101,0
17102,1
17103,1
17104,0
17105,1
17106,0
17107,1
17108,1
17109,0
17110,1
17111,0
17112,1
17113,1
17114,1
17115,1
17116,0
17117,1
17118,1
17119,1
17120,1
17121,0
17122,1
17123,0
17124,1
17125,0
17126,1
17127,1
17128,1
17129,1
17130,1
17131,1
17132,1
17133,1
17134,1
17135,1
17136,1
17137,0
17138,1
17139,0
17140,1
17141,1
17142,0
17143,1
17144,1
17145,1
17146,1
17147,0
17148,1
17149,1
17150,0
17151,1
17152,1
17153,1
17154,0
17155,1
17156,1
17157,1
17158,1
17159,0
17160,0
17161,1
17162,0
17163,0
17164,0
17165,1
17166,1
17167,0
17168,1
17169,0
17170,1
17171,1
17172,1
17173,0
17174,1
17175,0
17176,0
17177,1
17178,1
17179,1
17180,1
17181,0
17182,0
17183,0
17184,1
17185,1
17186,1
17187,1
17188,0
17189,1
17190,0
17191,1
17192,0
17193,1
17194,1
17195,1
17196,1
17197,1
17198,0
17199,1
17200,1
17201,1
17202,1
17203,1
17204,1
17205,1
17206,0
17207,1
17208,0
17209,0
17210,1
17211,1
17212,0
17213,1
17214,1
17215,0
17216,0
17217,1
17218,0
17219,0
17220,1
17221,1
17222,1
17223,1
17224,1
17225,0
17226,0
17227,1
17228,1
17229,0
17230,1
17231,1
17232,0
17233,0
17234,1
17235,1
17236,0
17237,0
17238,1
17239,1
17240,1
17241,1
17242,1
17243,0
17244,0
17245,0
17246,0
17247,1
17248,0
17249,1
17250,0
17251,1
17252,0
17253,0
17254,0
17255,0
17256,0
17257,1
17258,0
17259,1
17260,1
17261,0
17262,0
17263,1
17264,0
17265,1
17266,1
17267,1
17268,0
17269,1
17270,1
17271,1
17272,1
17273,1
17274,0
17275,1
17276,1
17277,1
17278,1
17279,0
17280,0
17281,1
17282,0
17283,1
17284,0
17285,1
17286,1
17287,1
17288,1
17289,1
17290,1
17291,1
17292,1
17293,1
17294,0
17295,1
17296,1
17297,0
17298,1
17299,1
17300,1
17301,1
17302,0
17303,1
17304,1
17305,0
17306,0
17307,0
17308,0
17309,1
17310,0
17311,1
17312,1
17313,0
17314,1
17315,0
17316,0
17317,1
17318,1
17319,0
17320,1
17321,1
17322,1
17323,0
17324,1
17325,0
17326,0
17327,0
17328,1
17329,1
17330,0
17331,0
17332,0
17333,1
17334,1
17335,1
17336,1
17337,1
17338,0
17339,1
17340,1
17341,0
17342,1
17343,1
17344,1
17345,1
17346,1
17347,1
17348,1
17349,1
17350,0
17351,0
17352,1
17353,1
17354,1
17355,1
17356,1
17357,1
17358,0
17359,0
17360,0
17361,0
17362,1
17363,1
17364,1
17365,1
17366,1
17367,1
17368,0
17369,1
17370,1
17371,1
17372,1
17373,0
17374,1
17375,1
17376,1
17377,0
17378,0
17379,0
17380,0
17381,1
17382,1
17383,0
17384,0
17385,1
17386,1
17387,1
17388,1
17389,1
17390,0
17391,1
17392,1
17393,0
17394,1
17395,0
17396,1
17397,1
17398,1
17399,1
17400,1
17401,1
17402,1
17403,1
17404,1
17405,0
17406,1
17407,1
17408,1
17409,0
17410,0
17411,0
17412,0
17413,1
17414,1
17415,1
17416,1
17417,1
17418,1
17419,1
17420,1
17421,0
17422,1
17423,1
17424,0
17425,1
17426,1
17427,0
17428,1
17429,1
17430,1
17431,1
17432,1
17433,0
17434,0
17435,1
17436,1
17437,1
17438,0
17439,1
17440,1
17441,1
17442,0
17443,1
17444,0
17445,0
17446,1
17447,1
17448,1
17449,1
17450,1
17451,0
17452,0
17453,0
17454,1
17455,1
17456,0
17457,1
17458,1
17459,1
17460,1
17461,0
17462,0
17463,0
17464,1
17465,1
17466,0
17467,1
17468,1
17469,0
17470,0
17471,1
17472,1
17473,1
17474,1
17475,0
17476,0
17477,0
17478,1
17479,0
17480,1
17481,1
17482,1
17483,0
17484,1
17485,1
17486,1
17487,0
17488,1
17489,0
17490,1
17491,1
17492,1
17493,1
17494,1
17495,0
17496,1
17497,1
17498,1
17499,1
17500,1
17501,1
17502,0
17503,0
17504,1
17505,1
17506,1
17507,1
17508,1
17509,0
17510,1
17511,1
17512,1
17513,0
17514,1
17515,1
17516,1
17517,1
17518,1
17519,1
17520,0
17521,1
17522,0
17523,0
17524,0
17525,1
17526,1
17527,1
17528,1
17529,1
17530,1
17531,1
17532,0
17533,0
17534,0
17535,1
17536,1
17537,1
17538,1
17539,0
17540,0
17541,0
17542,1
17543,0
17544,1
17545,1
17546,0
17547,1
17548,1
17549,0
17550,1
17551,1
17552,1
17553,1
17554,1
17555,0
17556,0
17557,1
17558,0
17559,1
17560,1
17561,0
17562,1
17563,1
17564,1
17565,1
17566,1
17567,1
17568,1
17569,1
17570,1
17571,1
17572,1
17573,1
17574,0
17575,1
17576,1
17577,1
17578,0
17579,0
17580,1
17581,1
17582,0
17583,0
17584,0
17585,0
17586,1
17587,0
17588,0
17589,1
17590,0
17591,0
17592,1
17593,0
17594,1
17595,0
17596,1
17597,0
17598,0
17599,1
17600,1
17601,0
17602,0
17603,1
17604,0
17605,1
17606,1
17607,1
17608,1
17609,0
17610,1
17611,0
17612,0
17613,1
17614,1
17615,0
17616,0
17617,0
17618,1
17619,1
17620,0
17621,1
17622,1
17623,1
17624,1
17625,1
17626,1
17627,1
17628,1
17629,1
17630,1
17631,0
17632,1
17633,0
17634,1
17635,1
17636,1
17637,1
17638,0
17639,0
17640,1
17641,0
17642,1
17643,0
17644,0
17645,0
17646,0
17647,0
17648,0
17649,1
17650,1
17651,1
17652,1
17653,0
17654,1
17655,1
17656,1
17657,1
17658,0
17659,0
17660,1
17661,1
17662,1
17663,1
17664,1
17665,1
17666,1
17667,0
17668,1
17669,1
17670,0
17671,1
17672,0
17673,1
17674,0
17675,1
17676,1
17677,1
17678,1
17679,1
17680,0
17681,0
17682,0
17683,1
17684,1
17685,1
17686,1
17687,1
17688,0
17689,1
17690,1
17691,0
17692,1
17693,0
17694,0
17695,1
17696,1
17697,1
17698,1
17699,1
17700,1
17701,1
17702,1
17703,1
17704,0
17705,0
17706,1
17707,1
17708,1
17709,0
17710,0
17711,0
17712,0
17713,0
17714,1
17715,0
17716,0
17717,1
17718,1
17719,0
17720,0
17721,1
17722,1
17723,1
17724,1
17725,0
17726,1
17727,0
17728,0
17729,1
17730,1
17731,1
17732,0
17733,1
17734,0
17735,1
17736,1
17737,1
17738,1
17739,1
17740,0
17741,1
17742,0
17743,1
17744,0
17745,1
17746,1
17747,1
17748,1
17749,1
17750,0
17751,1
17752,1
17753,1
17754,0
17755,1
17756,1
17757,1
17758,0
17759,0
17760,1
17761,1
17762,1
17763,0
17764,1
17765,1
17766,0
17767,0
17768,1
17769,1
17770,0
17771,1
17772,1
17773,0
17774,0
17775,1
17776,0
17777,1
17778,0
17779,0
17780,1
17781,1
17782,0
17783,1
17784,0
17785,0
17786,1
17787,1
17788,1
17789,0
17790,1
17791,1
17792,0
17793,1
17794,1
17795,1
17796,0
17797,1
17798,1
17799,1
17800,1
17801,0
17802,0
17803,1
17804,1
17805,1
17806,1
17807,1
17808,1
17809,1
17810,1
17811,1
17812,1
17813,0
17814,1
17815,1
17816,1
17817,1
17818,0
17819,1
17820,1
17821,1
17822,0
17823,1
17824,1
17825,0
17826,1
17827,1
17828,0
17829,1
17830,1
17831,1
17832,1
17833,1
17834,1
17835,0
17836,0
17837,1
17838,1
17839,0
17840,1
17841,1
17842,1
17843,1
17844,1
17845,0
17846,1
17847,1
17848,0
17849,1
17850,1
17851,1
17852,1
17853,0
17854,1
17855,0
17856,0
17857,1
17858,0
17859,1
17860,0
17861,1
17862,1
17863,1
17864,1
17865,1
17866,0
17867,1
17868,1
17869,1
17870,1
17871,0
17872,1
17873,0
17874,1
17875,0
17876,0
17877,1
17878,0
17879,1
17880,0
17881,1
17882,0
17883,0
17884,0
17885,1
17886,1
17887,0
17888,1
17889,0
17890,0
17891,1
17892,1
17893,0
17894,1
17895,1
17896,1
17897,1
17898,1
17899,0
17900,0
17901,1
17902,0
17903,0
17904,1
17905,0
17906,1
17907,1
17908,1
17909,1
17910,1
17911,0
17912,1
17913,1
17914,1
17915,0
17916,0
17917,1
17918,1
17919,1
17920,1
17921,1
17922,1
17923,1
17924,1
17925,1
17926,1
17927,1
17928,0
17929,1
17930,1
17931,1
17932,0
17933,1
17934,1
17935,0
17936,0
17937,1
17938,0
17939,0
17940,1
17941,1
17942,1
17943,0
17944,1
17945,1
17946,0
17947,0
17948,0
17949,1
17950,1
17951,0
17952,1
17953,1
17954,1
17955,1
17956,1
17957,0
17958,1
17959,1
17960,1
17961,0
17962,1
17963,1
17964,1
17965,1
17966,1
17967,1
17968,0
17969,1
17970,0
17971,1
17972,0
17973,1
17974,0
17975,1
17976,1
17977,0
17978,1
17979,1
17980,0
17981,1
17982,1
17983,0
17984,1
17985,1
17986,0
17987,1
17988,1
17989,1
17990,1
17991,1
17992,0
17993,1
17994,1
17995,1
17996,1
17997,1
17998,1
17999,0
18000,1
18001,0
18002,1
18003,1
18004,1
18005,1
18006,0
18007,1
18008,1
18009,1
18010,1
18011,1
18012,1
18013,0
18014,1
18015,1
18016,1
18017,1
18018,1
18019,1
18020,1
18021,0
18022,0
18023,1
18024,0
18025,1
18026,0
18027,1
18028,1
18029,1
18030,0
18031,0
18032,0
18033,1
18034,1
18035,1
18036,1
18037,1
18038,1
18039,0
18040,1
18041,0
18042,1
18043,1
18044,0
18045,0
18046,0
18047,1
18048,1
18049,0
18050,0
18051,1
18052,1
18053,0
18054,1
18055,1
18056,1
18057,1
18058,1
18059,0
18060,1
18061,1
18062,0
18063,1
18064,1
18065,1
18066,1
18067,1
18068,1
18069,1
18070,1
18071,0
18072,1
18073,1
18074,0
18075,1
18076,1
18077,1
18078,1
18079,0
18080,0
18081,1
18082,1
18083,0
18084,1
18085,1
18086,1
18087,0
18088,0
18089,1
18090,1
18091,0
18092,0
18093,1
18094,1
18095,1
18096,1
18097,1
18098,1
18099,1
18100,0
18101,1
18102,0
18103,1
18104,0
18105,1
18106,0
18107,0
18108,0
18109,1
18110,1
18111,0
18112,1
18113,1
18114,0
18115,0
18116,1
18117,1
18118,1
18119,1
18120,0
18121,0
18122,0
18123,1
18124,1
18125,1
18126,1
18127,0
18128,1
18129,0
18130,1
18131,1
18132,1
18133,0
18134,1
18135,1
18136,1
18137,1
18138,1
18139,0
18140,1
18141,1
18142,1
18143,1
18144,0
18145,1
18146,1
18147,1
18148,1
18149,1
18150,1
18151,0
18152,1
18153,1
18154,1
18155,0
18156,1
18157,1
18158,0
18159,0
18160,1
18161,1
18162,0
18163,1
18164,1
18165,1
18166,1
18167,0
18168,1
18169,0
18170,1
18171,0
18172,1
18173,1
18174,1
18175,0
18176,1
18177,1
18178,1
18179,1
18180,1
18181,0
18182,1
18183,1
18184,1
18185,0
18186,1
18187,1
18188,0
18189,0
18190,1
18191,1
18192,1
18193,0
18194,0
18195,1
18196,1
18197,0
18198,1
18199,0
18200,0
18201,1
18202,1
18203,1
18204,0
18205,1
18206,1
18207,1
18208,1
18209,1
18210,1
18211,1
18212,1
18213,1
18214,1
18215,0
18216,1
18217,0
18218,1
18219,1
18220,0
18221,1
18222,1
18223,0
18224,1
18225,1
18226,1
18227,0
18228,1
18229,0
18230,0
18231,1
18232,0
18233,1
18234,0
18235,1
18236,1
18237,1
18238,1
18239,0
18240,1
18241,0
18242,1
18243,1
18244,0
18245,0
18246,1
18247,1
18248,1
18249,1
18250,0
18251,1
18252,1
18253,0
18254,1
18255,1
18256,0
18257,1
18258,1
18259,0
18260,1
18261,1
18262,1
18263,1
18264,0
18265,1
18266,0
18267,0
18268,1
18269,1
18270,0
18271,0
18272,1
18273,1
18274,1
18275,0
18276,0
18277,0
18278,1
18279,1
18280,0
18281,0
18282,1
18283,1
18284,0
18285,1
18286,1
18287,1
18288,1
18289,1
18290,1
18291,0
18292,0
18293,1
18294,1
18295,1
18296,0
18297,0
18298,0
18299,1
18300,1
18301,0
18302,1
18303,0
18304,1
18305,1
18306,0
18307,1
18308,1
18309,0
18310,1
18311,1
18312,0
18313,1
18314,0
18315,1
18316,1
18317,1
18318,1
18319,0
18320,1
18321,1
18322,0
18323,0
18324,0
18325,0
18326,1
18327,0
18328,1
18329,1
18330,1
18331,1
18332,1
18333,0
18334,1
18335,0
18336,1
18337,1
18338,1
18339,1
18340,1
18341,1
18342,1
18343,0
18344,0
18345,0
18346,1
18347,1
18348,1
18349,1
18350,1
18351,0
18352,0
18353,1
18354,1
18355,0
18356,1
18357,1
18358,1
18359,0
18360,1
18361,1
18362,1
18363,0
18364,1
18365,0
18366,0
18367,1
18368,1
18369,1
18370,0
18371,0
18372,1
18373,1
18374,0
18375,0
18376,1
18377,0
18378,1
18379,1
18380,0
18381,1
18382,0
18383,1
18384,1
18385,1
18386,1
18387,0
18388,0
18389,0
18390,1
18391,0
18392,0
18393,0
18394,1
18395,1
18396,0
18397,0
18398,0
18399,0
18400,0
18401,1
18402,1
18403,0
18404,0
18405,0
18406,0
18407,1
18408,1
18409,1
18410,0
18411,1
18412,1
18413,1
18414,0
18415,1
18416,1
18417,0
18418,0
18419,0
18420,1
18421,1
18422,1
18423,0
18424,1
18425,1
18426,1
18427,1
18428,1
18429,1
18430,1
18431,1
18432,1
18433,1
18434,1
18435,0
18436,1
18437,0
18438,1
18439,0
18440,1
18441,1
18442,1
18443,1
18444,1
18445,1
18446,1
18447,1
18448,0
18449,1
18450,1
18451,0
18452,0
18453,0
18454,1
18455,0
18456,0
18457,1
18458,0
18459,0
18460,1
18461,1
18462,1
18463,1
18464,0
18465,1
18466,0
18467,1
18468,0
18469,1
18470,1
18471,1
18472,1
18473,0
18474,1
18475,0
18476,1
18477,1
18478,0
18479,1
18480,1
18481,0
18482,0
18483,1
18484,0
18485,1
18486,1
18487,1
18488,1
18489,1
18490,1
18491,1
18492,1
18493,0
18494,1
18495,1
18496,1
18497,0
18498,0
18499,1
18500,1
18501,1
18502,1
18503,0
18504,0
18505,1
18506,0
18507,0
18508,1
18509,1
18510,1
18511,0
18512,1
18513,0
18514,1
18515,1
18516,0
18517,0
18518,0
18519,1
18520,1
18521,1
18522,0
18523,1
18524,1
18525,1
18526,0
18527,1
18528,1
18529,1
18530,0
18531,1
18532,0
18533,0
18534,1
18535,1
18536,1
18537,0
18538,1
18539,0
18540,0
18541,1
18542,0
18543,0
18544,1
18545,0
18546,1
18547,1
18548,1
18549,0
18550,1
18551,0
18552,1
18553,1
18554,1
18555,1
18556,1
18557,1
18558,1
18559,1
18560,1
18561,0
18562,1
18563,0
18564,0
18565,0
18566,0
18567,1
18568,0
18569,0
18570,0
18571,1
18572,1
18573,1
18574,0
18575,1
18576,0
18577,0
18578,0
18579,1
18580,1
18581,0
18582,0
18583,0
18584,0
18585,0
18586,1
18587,1
18588,1
18589,0
18590,1
18591,1
18592,1
18593,1
18594,1
18595,0
18596,0
18597,1
18598,1
18599,1
18600,1
18601,1
18602,0
18603,1
18604,0
18605,1
18606,0
18607,0
18608,1
18609,1
18610,1
18611,0
18612,1
18613,0
18614,0
18615,1
18616,1
18617,1
18618,1
18619,0
18620,0
18621,0
18622,0
18623,0
18624,0
18625,1
18626,1
18627,1
18628,0
18629,1
18630,1
18631,0
18632,1
18633,0
18634,1
18635,1
18636,1
18637,0
18638,1
18639,1
18640,1
18641,1
18642,1
18643,0
18644,1
18645,1
18646,1
18647,0
18648,1
18649,0
18650,0
18651,0
18652,1
18653,1
18654,1
18655,0
18656,1
18657,1
18658,0
18659,0
18660,1
18661,0
18662,0
18663,0
18664,0
18665,1
18666,1
18667,1
18668,1
18669,0
18670,0
18671,0
18672,0
18673,1
18674,0
18675,0
18676,0
18677,0
18678,1
18679,1
18680,0
18681,0
18682,1
18683,1
18684,1
18685,0
18686,1
18687,1
18688,0
18689,1
18690,0
18691,0
18692,1
18693,0
18694,1
18695,1
18696,1
18697,0
18698,1
18699,1
18700,0
18701,1
18702,1
18703,1
18704,1
18705,1
18706,0
18707,0
18708,1
18709,1
18710,1
18711,0
18712,1
18713,0
18714,1
18715,0
18716,1
18717,1
18718,0
18719,1
18720,1
18721,0
18722,0
18723,1
18724,1
18725,0
18726,1
18727,1
18728,0
18729,1
18730,1
18731,1
18732,1
18733,1
18734,1
18735,0
18736,1
18737,1
18738,0
18739,1
18740,0
18741,1
18742,1
18743,0
18744,1
18745,1
18746,0
18747,1
18748,0
18749,0
18750,1
18751,0
18752,1
18753,1
18754,0
18755,1
18756,0
18757,1
18758,1
18759,1
18760,1
18761,1
18762,0
18763,0
18764,1
18765,0
18766,1
18767,1
18768,1
18769,0
18770,0
18771,1
18772,0
18773,1
18774,1
18775,1
18776,1
18777,1
18778,1
18779,0
18780,0
18781,1
18782,1
18783,1
18784,1
18785,0
18786,0
18787,1
18788,0
18789,1
18790,1
18791,1
18792,1
18793,1
18794,0
18795,1
18796,1
18797,1
18798,0
18799,1
18800,1
18801,0
18802,0
18803,1
18804,0
18805,1
18806,0
18807,1
18808,0
18809,1
18810,1
18811,0
18812,1
18813,1
18814,1
18815,1
18816,0
18817,1
18818,1
18819,1
18820,0
18821,1
18822,1
18823,1
18824,0
18825,0
18826,1
18827,0
18828,1
18829,0
18830,1
18831,1
18832,0
18833,0
18834,1
18835,1
18836,1
18837,0
18838,1
18839,0
18840,1
18841,1
18842,1
18843,1
18844,1
18845,1
18846,1
18847,0
18848,1
18849,1
18850,1
18851,1
18852,1
18853,1
18854,1
18855,1
18856,1
18857,0
18858,1
18859,1
18860,1
18861,1
18862,1
18863,0
18864,0
18865,1
18866,0
18867,1
18868,0
18869,0
18870,0
18871,1
18872,0
18873,1
18874,1
18875,1
18876,1
18877,1
18878,1
18879,1
18880,1
18881,0
18882,1
18883,0
18884,1
18885,1
18886,1
18887,0
18888,0
18889,1
18890,1
18891,1
18892,1
18893,1
18894,1
18895,0
18896,1
18897,1
18898,0
18899,0
18900,0
18901,1
18902,0
18903,1
18904,0
18905,0
18906,1
18907,1
18908,1
18909,1
18910,1
18911,0
18912,0
18913,1
18914,1
18915,1
18916,0
18917,0
18918,0
18919,0
18920,0
18921,1
18922,0
18923,0
18924,1
18925,0
18926,1
18927,0
18928,1
18929,1
18930,0
18931,0
18932,1
18933,1
18934,1
18935,1
18936,1
18937,0
18938,1
18939,0
18940,0
18941,1
18942,1
18943,1
18944,1
18945,1
18946,1
18947,1
18948,1
18949,1
18950,0
18951,0
18952,1
18953,1
18954,1
18955,0
18956,1
18957,1
18958,1
18959,0
18960,1
18961,1
18962,1
18963,1
18964,1
18965,1
18966,1
18967,0
18968,1
18969,1
18970,1
18971,1
18972,1
18973,0
18974,1
18975,1
18976,1
18977,1
18978,0
18979,0
18980,0
18981,1
18982,0
18983,1
18984,0
18985,1
18986,1
18987,1
18988,1
18989,1
18990,0
18991,0
18992,1
18993,1
18994,1
18995,1
18996,1
18997,1
18998,0
18999,0
19000,1
19001,1
19002,0
19003,1
19004,0
19005,0
19006,0
19007,0
19008,1
19009,0
19010,1
19011,1
19012,1
19013,1
19014,1
19015,1
19016,0
19017,0
19018,1
19019,1
19020,1
19021,1
19022,0
19023,1
19024,1
19025,1
19026,1
19027,1
19028,1
19029,1
19030,1
19031,1
19032,1
19033,0
19034,0
19035,1
19036,1
19037,1
19038,1
19039,1
19040,1
19041,1
19042,1
19043,1
19044,1
19045,1
19046,1
19047,1
19048,1
19049,0
19050,0
19051,0
19052,1
19053,0
19054,0
19055,1
19056,0
19057,1
19058,1
19059,1
19060,1
19061,1
19062,1
19063,1
19064,1
19065,1
19066,1
19067,1
19068,0
19069,0
19070,1
19071,0
19072,1
19073,1
19074,1
19075,1
19076,1
19077,1
19078,1
19079,1
19080,1
19081,1
19082,1
19083,1
19084,1
19085,1
19086,0
19087,1
19088,1
19089,0
19090,1
19091,0
19092,1
19093,0
19094,0
19095,1
19096,1
19097,1
19098,0
19099,1
19100,1
19101,1
19102,1
19103,0
19104,1
19105,0
19106,1
19107,1
19108,0
19109,1
19110,1
19111,0
19112,1
19113,0
19114,1
19115,0
19116,1
19117,1
19118,1
19119,1
19120,1
19121,0
19122,0
19123,1
19124,0
19125,1
19126,1
19127,0
19128,1
19129,1
19130,1
19131,0
19132,0
19133,0
19134,1
19135,1
19136,1
19137,1
19138,0
19139,0
19140,0
19141,0
19142,1
19143,1
19144,1
19145,0
19146,1
19147,1
19148,1
19149,1
19150,0
19151,1
19152,1
19153,0
19154,1
19155,1
19156,1
19157,1
19158,1
19159,0
19160,0
19161,0
19162,1
19163,0
19164,1
19165,1
19166,0
19167,0
19168,0
19169,1
19170,1
19171,1
19172,1
19173,1
19174,1
19175,1
19176,1
19177,0
19178,0
19179,1
19180,1
19181,1
19182,1
19183,1
19184,0
19185,1
19186,1
19187,1
19188,0
19189,1
19190,1
19191,1
19192,1
19193,0
19194,1
19195,1
19196,0
19197,1
19198,1
19199,0
19200,0
19201,1
19202,1
19203,0
19204,0
19205,0
19206,1
19207,0
19208,1
19209,0
19210,0
19211,0
19212,1
19213,1
19214,1
19215,1
19216,1
19217,1
19218,1
19219,0
19220,1
19221,1
19222,0
19223,0
19224,0
19225,1
19226,0
19227,0
19228,1
19229,1
19230,1
19231,0
19232,1
19233,1
19234,1
19235,0
19236,1
19237,0
19238,1
19239,1
19240,1
19241,1
19242,1
19243,1
19244,0
19245,1
19246,1
19247,0
19248,1
19249,1
19250,0
19251,1
19252,1
19253,0
19254,1
19255,0
19256,1
19257,1
19258,1
19259,1
19260,0
19261,1
19262,0
19263,0
19264,1
19265,1
19266,1
19267,1
19268,1
19269,0
19270,1
19271,1
19272,1
19273,1
19274,1
19275,1
19276,1
19277,0
19278,1
19279,1
19280,1
19281,0
19282,1
19283,1
19284,1
19285,0
19286,1
19287,0
19288,0
19289,1
19290,1
19291,1
19292,1
19293,1
19294,1
19295,0
19296,1
19297,1
19298,0
19299,0
19300,0
19301,0
19302,1
19303,1
19304,1
19305,1
19306,1
19307,1
19308,1
19309,1
19310,0
19311,0
19312,0
19313,1
19314,0
19315,0
19316,1
19317,0
19318,0
19319,1
19320,0
19321,1
19322,1
19323,0
19324,1
19325,1
19326,1
19327,1
19328,0
19329,1
19330,0
19331,0
19332,1
19333,1
19334,1
19335,1
19336,1
19337,1
19338,1
19339,0
19340,1
19341,1
19342,0
19343,1
19344,1
19345,1
19346,1
19347,1
19348,0
19349,1
19350,0
19351,1
19352,1
19353,1
19354,1
19355,0
19356,1
19357,0
19358,1
19359,1
19360,1
19361,0
19362,0
19363,1
19364,1
19365,0
19366,0
19367,1
19368,1
19369,0
19370,0
19371,1
19372,1
19373,0
19374,0
19375,1
19376,1
19377,0
19378,1
19379,0
19380,1
19381,1
19382,1
19383,1
19384,0
19385,1
19386,1
19387,1
19388,1
19389,1
19390,1
19391,1
19392,1
19393,1
19394,1
19395,1
19396,1
19397,1
19398,1
19399,1
19400,1
19401,1
19402,1
19403,1
19404,1
19405,1
19406,1
19407,1
19408,0
19409,1
19410,0
19411,0
19412,0
19413,0
19414,1
19415,1
19416,1
19417,1
19418,0
19419,1
19420,0
19421,1
19422,1
19423,0
19424,1
19425,1
19426,1
19427,1
19428,0
19429,0
19430,1
19431,0
19432,1
19433,0
19434,1
19435,0
19436,0
19437,1
19438,1
19439,1
19440,1
19441,0
19442,1
19443,1
19444,1
19445,1
19446,0
19447,0
19448,0
19449,0
19450,0
19451,0
19452,0
19453,0
19454,1
19455,0
19456,0
19457,1
19458,0
19459,1
19460,1
19461,1
19462,0
19463,1
19464,1
19465,1
19466,1
19467,1
19468,1
19469,0
19470,0
19471,1
19472,1
19473,1
19474,1
19475,1
19476,1
19477,1
19478,1
19479,1
19480,1
19481,0
19482,0
19483,1
19484,1
19485,0
19486,1
19487,1
19488,1
19489,1
19490,0
19491,0
19492,1
19493,1
19494,1
19495,1
19496,1
19497,0
19498,1
19499,0
19500,0
19501,0
19502,0
19503,0
19504,0
19505,1
19506,0
19507,1
19508,0
19509,1
19510,0
19511,1
19512,0
19513,0
19514,1
19515,1
19516,1
19517,1
19518,1
19519,1
19520,1
19521,0
19522,1
19523,0
19524,1
19525,1
19526,1
19527,1
19528,1
19529,1
19530,1
19531,0
19532,1
19533,1
19534,1
19535,1
19536,0
19537,1
19538,1
19539,0
19540,1
19541,1
19542,0
19543,1
19544,1
19545,1
19546,1
19547,0
19548,1
19549,0
19550,1
19551,0
19552,1
19553,0
19554,0
19555,1
19556,1
19557,1
19558,1
19559,0
19560,0
19561,0
19562,1
19563,1
19564,1
19565,1
19566,1
19567,1
19568,0
19569,0
19570,1
19571,1
19572,1
19573,1
19574,1
19575,1
19576,0
19577,1
19578,1
19579,1
19580,1
19581,1
19582,1
19583,1
19584,0
19585,1
19586,0
19587,0
19588,0
19589,1
19590,0
19591,0
19592,1
19593,1
19594,1
19595,0
19596,0
19597,1
19598,1
19599,1
19600,0
19601,1
19602,0
19603,1
19604,0
19605,1
19606,0
19607,1
19608,0
19609,0
19610,1
19611,1
19612,0
19613,1
19614,0
19615,0
19616,1
19617,1
19618,0
19619,1
19620,1
19621,0
19622,1
19623,1
19624,1
19625,1
19626,0
19627,1
19628,1
19629,1
19630,0
19631,0
19632,0
19633,1
19634,0
19635,0
19636,1
19637,1
19638,1
19639,1
19640,1
19641,1
19642,0
19643,0
19644,1
19645,0
19646,1
19647,1
19648,1
19649,1
19650,1
19651,1
19652,0
19653,1
19654,1
19655,1
19656,0
19657,0
19658,1
19659,1
19660,0
19661,1
19662,0
19663,1
19664,0
19665,1
19666,1
19667,1
19668,1
19669,1
19670,1
19671,0
19672,0
19673,1
19674,1
19675,0
19676,0
19677,0
19678,0
19679,1
19680,0
19681,0
19682,1
19683,1
19684,1
19685,1
19686,0
19687,0
19688,1
19689,0
19690,1
19691,0
19692,1
19693,0
19694,0
19695,1
19696,1
19697,0
19698,1
19699,1
19700,0
19701,1
19702,1
19703,0
19704,1
19705,0
19706,1
19707,0
19708,1
19709,0
19710,0
19711,0
19712,0
19713,1
19714,1
19715,1
19716,1
19717,1
19718,0
19719,1
19720,1
19721,0
19722,0
19723,0
19724,1
19725,0
19726,1
19727,1
19728,0
19729,0
19730,1
19731,0
19732,1
19733,0
19734,0
19735,0
19736,1
19737,1
19738,0
19739,0
19740,0
19741,1
19742,0
19743,0
19744,1
19745,0
19746,0
19747,0
19748,1
19749,1
19750,0
19751,0
19752,1
19753,1
19754,1
19755,1
19756,1
19757,1
19758,1
19759,1
19760,1
19761,0
19762,1
19763,1
19764,0
19765,0
19766,1
19767,0
19768,0
19769,0
19770,1
19771,1
19772,1
19773,1
19774,1
19775,1
19776,0
19777,1
19778,0
19779,0
19780,1
19781,1
19782,1
19783,1
19784,1
19785,0
19786,0
19787,1
19788,1
19789,0
19790,1
19791,1
19792,0
19793,1
19794,1
19795,0
19796,0
19797,1
19798,1
19799,1
19800,1
19801,0
19802,0
19803,0
19804,0
19805,1
19806,0
19807,1
19808,1
19809,1
19810,1
19811,1
19812,0
19813,0
19814,1
19815,0
19816,1
19817,0
19818,0
19819,1
19820,0
19821,1
19822,1
19823,1
19824,1
19825,0
19826,0
19827,1
19828,1
19829,0
19830,0
19831,1
19832,1
19833,1
19834,1
19835,0
19836,1
19837,1
19838,0
19839,0
19840,1
19841,1
19842,1
19843,1
19844,1
19845,1
19846,1
19847,1
19848,0
19849,1
19850,1
19851,1
19852,1
19853,1
19854,0
19855,0
19856,1
19857,1
19858,1
19859,0
19860,0
19861,1
19862,1
19863,1
19864,0
19865,1
19866,1
19867,1
19868,1
19869,1
19870,1
19871,1
19872,0
19873,1
19874,1
19875,1
19876,1
19877,1
19878,0
19879,0
19880,0
19881,1
19882,0
19883,0
19884,1
19885,1
19886,0
19887,0
19888,1
19889,1
19890,1
19891,1
19892,0
19893,1
19894,1
19895,1
19896,0
19897,0
19898,1
19899,0
19900,1
19901,1
19902,1
19903,1
19904,1
19905,1
19906,0
19907,0
19908,1
19909,0
19910,0
19911,0
19912,1
19913,0
19914,0
19915,0
19916,1
19917,1
19918,1
19919,1
19920,0
19921,1
19922,1
19923,0
19924,0
19925,1
19926,1
19927,0
19928,1
19929,0
19930,0
19931,0
19932,1
19933,1
19934,0
19935,1
19936,1
19937,0
19938,1
19939,1
19940,1
19941,1
19942,1
19943,1
19944,1
19945,1
19946,0
19947,0
19948,1
19949,1
19950,1
19951,1
19952,0
19953,1
19954,0
19955,1
19956,0
19957,0
19958,1
19959,1
19960,1
19961,1
19962,1
19963,1
19964,1
19965,0
19966,1
19967,1
19968,0
19969,1
19970,0
19971,0
19972,1
19973,0
19974,0
19975,1
19976,1
19977,1
19978,1
19979,0
19980,0
19981,1
19982,0
19983,1
19984,1
19985,1
19986,1
19987,1
19988,0
19989,1
19990,1
19991,1
19992,1
19993,0
19994,0
19995,1
19996,1
19997,1
19998,1
19999,0
20000,1
20001,1
20002,1
20003,1
20004,0
20005,1
20006,0
20007,1
20008,1
20009,0
20010,1
20011,1
20012,0
20013,1
20014,0
20015,1
20016,1
20017,0
20018,1
20019,0
20020,1
20021,0
20022,1
20023,1
20024,0
20025,1
20026,1
20027,0
20028,1
20029,0
20030,1
20031,1
20032,0
20033,1
20034,1
20035,1
20036,0
20037,0
20038,1
20039,1
20040,0
20041,1
20042,1
20043,0
20044,1
20045,0
20046,1
20047,0
20048,1
20049,1
20050,1
20051,1
20052,1
20053,1
20054,1
20055,1
20056,0
20057,1
20058,0
20059,1
20060,1
20061,0
20062,1
20063,0
20064,1
20065,1
20066,1
20067,0
20068,1
20069,1
20070,1
20071,1
20072,1
20073,1
20074,0
20075,1
20076,1
20077,1
20078,0
20079,1
20080,0
20081,1
20082,0
20083,1
20084,1
20085,0
20086,0
20087,0
20088,1
20089,0
20090,1
20091,1
20092,1
20093,1
20094,1
20095,0
20096,1
20097,1
20098,0
20099,1
20100,1
20101,1
20102,0
20103,1
20104,1
20105,1
20106,0
20107,1
20108,1
20109,0
20110,1
20111,0
20112,0
20113,1
20114,1
20115,0
20116,1
20117,1
20118,1
20119,1
20120,1
20121,1
20122,1
20123,1
20124,1
20125,0
20126,1
20127,1
20128,0
20129,1
20130,0
20131,1
20132,1
20133,1
20134,1
20135,1
20136,1
20137,1
20138,0
20139,0
20140,1
20141,0
20142,1
20143,1
20144,0
20145,1
20146,1
20147,1
20148,1
20149,1
20150,1
20151,0
20152,1
20153,1
20154,1
20155,0
20156,0
20157,1
20158,1
20159,1
20160,0
20161,1
20162,0
20163,1
20164,0
20165,1
20166,1
20167,1
20168,0
20169,1
20170,1
20171,0
20172,1
20173,1
20174,0
20175,0
20176,1
20177,1
20178,1
20179,0
20180,1
20181,0
20182,0
20183,1
20184,0
20185,0
20186,0
20187,0
20188,1
20189,0
20190,1
20191,1
20192,1
20193,1
20194,0
20195,1
20196,0
20197,1
20198,1
20199,0
20200,1
20201,1
20202,1
20203,1
20204,0
20205,1
20206,1
20207,0
20208,0
20209,1
20210,0
20211,1
20212,0
20213,0
20214,0
20215,1
20216,0
20217,1
20218,1
20219,1
20220,0
20221,0
20222,1
20223,0
20224,0
20225,0
20226,1
20227,1
20228,0
20229,0
20230,1
20231,1
20232,1
20233,1
20234,1
20235,1
20236,1
20237,1
20238,0
20239,1
20240,1
20241,1
20242,1
20243,1
20244,1
20245,1
20246,0
20247,1
20248,1
20249,1
20250,0
20251,1
20252,1
20253,1
20254,1
20255,1
20256,1
20257,1
20258,1
20259,0
20260,0
20261,0
20262,1
20263,0
20264,1
20265,1
20266,1
20267,1
20268,1
20269,1
20270,1
20271,1
20272,0
20273,1
20274,1
20275,0
20276,1
20277,0
20278,1
20279,0
20280,0
20281,0
20282,0
20283,0
20284,0
20285,1
20286,1
20287,1
20288,1
20289,1
20290,1
20291,1
20292,1
20293,1
20294,1
20295,1
20296,0
20297,0
20298,1
20299,1
20300,1
20301,0
20302,1
20303,1
20304,1
20305,0
20306,1
20307,0
20308,1
20309,0
20310,0
20311,0
20312,0
20313,1
20314,1
20315,0
20316,1
20317,0
20318,1
20319,0
20320,1
20321,1
20322,1
20323,1
20324,1
20325,0
20326,1
20327,1
20328,1
20329,0
20330,1
20331,1
20332,1
20333,1
20334,1
20335,0
20336,0
20337,0
20338,1
20339,1
20340,0
20341,0
20342,1
20343,1
20344,0
20345,1
20346,1
20347,1
20348,1
20349,1
20350,1
20351,0
20352,1
20353,0
20354,0
20355,1
20356,1
20357,1
20358,0
20359,1
20360,1
20361,0
20362,0
20363,1
20364,0
20365,1
20366,0
20367,1
20368,1
20369,1
20370,1
20371,0
20372,0
20373,1
20374,1
20375,1
20376,1
20377,1
20378,1
20379,0
20380,1
20381,1
20382,1
20383,0
20384,1
20385,0
20386,1
20387,1
20388,1
20389,1
20390,0
20391,1
20392,1
20393,1
20394,1
20395,1
20396,1
20397,1
20398,0
20399,0
20400,1
20401,1
20402,1
20403,0
20404,0
20405,1
20406,1
20407,0
20408,1
20409,1
20410,0
20411,1
20412,1
20413,1
20414,0
20415,0
20416,1
20417,1
20418,1
20419,1
20420,1
20421,0
20422,1
20423,1
20424,1
20425,1
20426,1
20427,0
20428,1
20429,1
20430,1
20431,0
20432,1
20433,0
20434,1
20435,1
20436,1
20437,1
20438,1
20439,1
20440,0
20441,0
20442,1
20443,0
20444,0
20445,1
20446,1
20447,1
20448,0
20449,0
20450,0
20451,1
20452,0
20453,1
20454,0
20455,1
20456,1
20457,1
20458,1
20459,1
20460,0
20461,1
20462,1
20463,0
20464,0
20465,0
20466,1
20467,0
20468,1
20469,0
20470,1
20471,0
20472,1
20473,0
20474,1
20475,1
20476,1
20477,0
20478,1
20479,1
20480,1
20481,1
20482,0
20483,1
20484,1
20485,0
20486,1
20487,1
20488,0
20489,0
20490,0
20491,1
20492,1
20493,1
20494,1
20495,1
20496,0
20497,0
20498,0
20499,0
20500,1
20501,0
20502,1
20503,0
20504,1
20505,1
20506,1
20507,0
20508,1
20509,1
20510,1
20511,1
20512,1
20513,0
20514,1
20515,0
20516,1
20517,1
20518,1
20519,1
20520,1
20521,0
20522,1
20523,0
20524,1
20525,1
20526,0
20527,1
20528,1
20529,1
20530,0
20531,1
20532,1
20533,0
20534,0
20535,1
20536,0
20537,0
20538,1
20539,1
20540,1
20541,0
20542,0
20543,1
20544,0
20545,1
20546,0
20547,0
20548,1
20549,1
20550,0
20551,1
20552,1
20553,1
20554,1
20555,1
20556,1
20557,1
20558,1
20559,1
20560,1
20561,1
20562,1
20563,1
20564,1
20565,1
20566,0
20567,0
20568,0
20569,0
20570,1
20571,0
20572,0
20573,1
20574,0
20575,1
20576,1
20577,1
20578,1
20579,1
20580,1
20581,1
20582,1
20583,0
20584,1
20585,0
20586,0
20587,1
20588,0
20589,1
20590,1
20591,0
20592,1
20593,0
20594,1
20595,1
20596,1
20597,1
20598,0
20599,1
20600,1
20601,1
20602,0
20603,1
20604,1
20605,0
20606,1
20607,0
20608,0
20609,1
20610,1
20611,0
20612,1
20613,0
20614,1
20615,0
20616,0
20617,1
20618,0
20619,0
20620,1
20621,0
20622,1
20623,0
20624,1
20625,1
20626,1
20627,1
20628,1
20629,1
20630,1
20631,0
20632,0
20633,1
20634,1
20635,1
20636,1
20637,0
20638,0
20639,1
20640,0
20641,1
20642,1
20643,1
20644,1
20645,1
20646,1
20647,1
20648,1
20649,1
20650,0
20651,1
20652,0
20653,0
20654,1
20655,0
20656,0
20657,1
20658,1
20659,0
20660,1
20661,1
20662,1
20663,1
20664,1
20665,0
20666,1
20667,1
20668,1
20669,1
20670,1
20671,1
20672,1
20673,1
20674,1
20675,1
20676,1
20677,0
20678,1
20679,0
20680,1
20681,1
20682,0
20683,1
20684,0
20685,0
20686,0
20687,0
20688,1
20689,1
20690,1
20691,1
20692,0
20693,1
20694,1
20695,0
20696,1
20697,1
20698,1
20699,1
20700,0
20701,1
20702,0
20703,1
20704,1
20705,0
20706,0
20707,1
20708,1
20709,1
20710,1
20711,1
20712,0
20713,1
20714,1
20715,0
20716,0
20717,1
20718,1
20719,1
20720,0
20721,1
20722,1
20723,1
20724,1
20725,1
20726,1
20727,1
20728,1
20729,1
20730,1
20731,0
20732,1
20733,1
20734,0
20735,1
20736,1
20737,1
20738,1
20739,1
20740,0
20741,1
20742,1
20743,1
20744,1
20745,0
20746,1
20747,1
20748,0
20749,1
20750,1
20751,1
20752,0
20753,0
20754,1
20755,1
20756,0
20757,0
20758,1
20759,1
20760,1
20761,0
20762,0
20763,1
20764,1
20765,1
20766,1
20767,1
20768,0
20769,1
20770,1
20771,1
20772,1
20773,1
20774,0
20775,1
20776,1
20777,0
20778,0
20779,0
20780,1
20781,0
20782,0
20783,0
20784,1
20785,1
20786,0
20787,1
20788,0
20789,0
20790,1
20791,1
20792,1
20793,1
20794,0
20795,1
20796,0
20797,1
20798,1
20799,1
20800,0
20801,1
20802,1
20803,0
20804,1
20805,0
20806,0
20807,1
20808,1
20809,0
20810,1
20811,0
20812,0
20813,1
20814,1
20815,0
20816,0
20817,0
20818,0
20819,1
20820,0
20821,1
20822,0
20823,1
20824,0
20825,0
20826,1
20827,1
20828,1
20829,1
20830,0
20831,0
20832,0
20833,0
20834,1
20835,1
20836,1
20837,0
20838,0
20839,1
20840,1
20841,1
20842,0
20843,1
20844,0
20845,1
20846,1
20847,0
20848,0
20849,1
20850,1
20851,1
20852,1
20853,0
20854,0
20855,0
20856,1
20857,1
20858,1
20859,1
20860,1
20861,0
20862,0
20863,1
20864,1
20865,1
20866,0
20867,1
20868,1
20869,0
20870,1
20871,1
20872,0
20873,1
20874,1
20875,1
20876,1
20877,0
20878,0
20879,1
20880,1
20881,1
20882,1
20883,1
20884,1
20885,1
20886,1
20887,1
20888,1
20889,0
20890,0
20891,0
20892,1
20893,0
20894,0
20895,0
20896,0
20897,0
20898,0
20899,0
20900,1
20901,1
20902,1
20903,1
20904,0
20905,1
20906,1
20907,1
20908,1
20909,1
20910,0
20911,1
20912,1
20913,1
20914,1
20915,1
20916,1
20917,0
20918,0
20919,0
20920,1
20921,1
20922,0
20923,0
20924,1
20925,1
20926,1
20927,1
20928,1
20929,0
20930,1
20931,0
20932,0
20933,1
20934,0
20935,1
20936,0
20937,1
20938,1
20939,1
20940,1
20941,1
20942,0
20943,1
20944,1
20945,1
20946,0
20947,1
20948,1
20949,1
20950,1
20951,1
20952,0
20953,1
20954,0
20955,1
20956,0
20957,1
20958,1
20959,1
20960,1
20961,1
20962,1
20963,1
20964,0
20965,1
20966,1
20967,0
20968,1
20969,1
20970,1
20971,1
20972,1
20973,0
20974,1
20975,1
20976,0
20977,1
20978,0
20979,0
20980,0
20981,1
20982,0
20983,0
20984,0
20985,0
20986,0
20987,1
20988,1
20989,1
20990,0
20991,1
20992,1
20993,1
20994,1
20995,1
20996,0
20997,1
20998,1
20999,1
21000,1
21001,1
21002,1
21003,1
21004,0
21005,1
21006,1
21007,0
21008,1
21009,1
21010,0
21011,0
21012,1
21013,0
21014,1
21015,0
21016,1
21017,1
21018,1
21019,1
21020,0
21021,1
21022,0
21023,0
21024,0
21025,0
21026,0
21027,1
21028,1
21029,1
21030,1
21031,0
21032,1
21033,1
21034,1
21035,1
21036,1
21037,0
21038,1
21039,1
21040,1
21041,0
21042,1
21043,0
21044,1
21045,0
21046,1
21047,1
21048,1
21049,1
21050,1
21051,0
21052,0
21053,1
21054,1
21055,1
21056,1
21057,1
21058,0
21059,1
21060,0
21061,0
21062,0
21063,1
21064,0
21065,1
21066,1
21067,0
21068,0
21069,1
21070,1
21071,1
21072,1
21073,0
21074,0
21075,1
21076,1
21077,0
21078,0
21079,1
21080,0
21081,1
21082,0
21083,1
21084,1
21085,0
21086,1
21087,1
21088,0
21089,1
21090,1
21091,1
21092,1
21093,1
21094,1
21095,0
21096,1
21097,1
21098,1
21099,1
21100,1
21101,0
21102,0
21103,0
21104,1
21105,0
21106,1
21107,1
21108,1
21109,0
21110,1
21111,1
21112,0
21113,1
21114,0
21115,1
21116,1
21117,1
21118,1
21119,0
21120,1
21121,1
21122,0
21123,0
21124,1
21125,1
21126,1
21127,0
21128,0
21129,1
21130,1
21131,1
21132,1
21133,0
21134,0
21135,0
21136,1
21137,0
21138,1
21139,1
21140,1
21141,1
21142,0
21143,0
21144,1
21145,0
21146,0
21147,1
21148,1
21149,1
21150,1
21151,0
21152,1
21153,1
21154,1
21155,0
21156,0
21157,0
21158,1
21159,1
21160,1
21161,1
21162,1
21163,1
21164,0
21165,1
21166,0
21167,0
21168,1
21169,0
21170,1
21171,1
21172,1
21173,0
21174,1
21175,1
21176,1
21177,1
21178,1
21179,1
21180,1
21181,1
21182,1
21183,1
21184,0
21185,1
21186,1
21187,1
21188,1
21189,0
21190,1
21191,1
21192,0
21193,0
21194,0
21195,1
21196,1
21197,1
21198,1
21199,1
21200,1
21201,0
21202,0
21203,1
21204,0
21205,0
21206,1
21207,1
21208,0
21209,0
21210,0
21211,1
21212,1
21213,0
21214,1
21215,0
21216,1
21217,0
21218,0
21219,1
21220,1
21221,1
21222,1
21223,1
21224,0
21225,0
21226,0
21227,0
21228,0
21229,0
21230,1
21231,1
21232,1
21233,0
21234,1
21235,0
21236,1
21237,0
21238,1
21239,1
21240,1
21241,1
21242,0
21243,0
21244,1
21245,1
21246,0
21247,1
21248,1
21249,1
21250,0
21251,1
21252,1
21253,0
21254,0
21255,1
21256,1
21257,0
21258,0
21259,1
21260,0
21261,1
21262,1
21263,0
21264,0
21265,1
21266,1
21267,1
21268,1
21269,1
21270,1
21271,1
21272,1
21273,0
21274,0
21275,1
21276,1
21277,1
21278,0
21279,1
21280,0
21281,1
21282,1
21283,0
21284,1
21285,0
21286,1
21287,1
21288,1
21289,1
21290,0
21291,1
21292,1
21293,1
21294,0
21295,0
21296,0
21297,1
21298,0
21299,0
21300,1
21301,1
21302,1
21303,1
21304,0
21305,1
21306,1
21307,1
21308,1
21309,0
21310,1
21311,1
21312,1
21313,1
21314,1
21315,1
21316,1
21317,1
21318,0
21319,1
21320,0
21321,1
21322,1
21323,1
21324,0
21325,1
21326,1
21327,1
21328,1
21329,0
21330,1
21331,1
21332,0
21333,1
21334,0
21335,1
21336,1
21337,1
21338,1
21339,1
21340,1
21341,0
21342,1
21343,0
21344,1
21345,1
21346,1
21347,1
21348,1
21349,1
21350,0
21351,0
21352,1
21353,0
21354,0
21355,0
21356,1
21357,1
21358,1
21359,1
21360,1
21361,1
21362,1
21363,1
21364,0
21365,1
21366,1
21367,1
21368,1
21369,1
21370,1
21371,1
21372,1
21373,0
21374,1
21375,1
21376,1
21377,1
21378,1
21379,0
21380,1
21381,0
21382,1
21383,1
21384,1
21385,1
21386,0
21387,1
21388,0
21389,1
21390,0
21391,1
21392,1
21393,0
21394,0
21395,0
21396,0
21397,1
21398,1
21399,0
21400,0
21401,0
21402,1
21403,1
21404,1
21405,1
21406,1
21407,0
21408,0
21409,1
21410,0
21411,1
21412,0
21413,1
21414,0
21415,1
21416,0
21417,1
21418,0
21419,0
21420,1
21421,0
21422,1
21423,0
21424,1
21425,0
21426,1
21427,0
21428,1
21429,0
21430,1
21431,1
21432,1
21433,1
21434,1
21435,1
21436,0
21437,0
21438,1
21439,0
21440,1
21441,1
21442,1
21443,1
21444,0
21445,1
21446,1
21447,0
21448,0
21449,1
21450,0
21451,0
21452,1
21453,0
21454,1
21455,1
21456,1
21457,0
21458,1
21459,1
21460,1
21461,0
21462,1
21463,1
21464,1
21465,1
21466,1
21467,1
21468,1
21469,1
21470,1
21471,1
21472,1
21473,0
21474,0
21475,1
21476,0
21477,1
21478,1
21479,0
21480,0
21481,1
21482,1
21483,1
21484,1
21485,0
21486,1
21487,0
21488,1
21489,1
21490,0
21491,1
21492,0
21493,1
21494,1
21495,1
21496,1
21497,1
21498,0
21499,0
21500,0
21501,1
21502,1
21503,1
21504,0
21505,1
21506,1
21507,1
21508,0
21509,0
21510,1
21511,1
21512,1
21513,1
21514,0
21515,0
21516,1
21517,1
21518,1
21519,1
21520,0
21521,0
21522,1
21523,1
21524,1
21525,1
21526,1
21527,1
21528,1
21529,1
21530,0
21531,0
21532,0
21533,1
21534,0
21535,0
21536,0
21537,1
21538,0
21539,0
21540,1
21541,0
21542,0
21543,0
21544,0
21545,0
21546,1
21547,1
21548,0
21549,1
21550,1
21551,1
21552,0
21553,0
21554,1
21555,0
21556,0
21557,0
21558,1
21559,0
21560,0
21561,1
21562,0
21563,0
21564,1
21565,1
21566,1
21567,1
21568,0
21569,1
21570,1
21571,0
21572,1
21573,0
21574,1
21575,0
21576,1
21577,1
21578,1
21579,0
21580,1
21581,1
21582,1
21583,0
21584,1
21585,1
21586,0
21587,1
21588,1
21589,1
21590,1
21591,0
21592,1
21593,1
21594,1
21595,0
21596,1
21597,0
21598,0
21599,0
21600,0
21601,1
21602,1
21603,1
21604,0
21605,1
21606,1
21607,0
21608,1
21609,1
21610,1
21611,1
21612,1
21613,0
21614,1
21615,0
21616,1
21617,1
21618,0
21619,1
21620,0
21621,0
21622,1
21623,1
21624,0
21625,1
21626,1
21627,1
21628,0
21629,1
21630,1
21631,0
21632,0
21633,1
21634,0
21635,1
21636,1
21637,1
21638,1
21639,1
21640,0
21641,1
21642,1
21643,1
21644,1
21645,0
21646,1
21647,0
21648,1
21649,1
21650,1
21651,1
21652,1
21653,1
21654,1
21655,1
21656,0
21657,1
21658,0
21659,1
21660,0
21661,0
21662,1
21663,1
21664,1
21665,1
21666,1
21667,1
21668,0
21669,1
21670,1
21671,1
21672,0
21673,1
21674,0
21675,0
21676,0
21677,1
21678,0
21679,1
21680,0
21681,0
21682,1
21683,1
21684,1
21685,0
21686,1
21687,1
21688,1
21689,1
21690,0
21691,1
21692,1
21693,0
21694,1
21695,1
21696,0
21697,1
21698,1
21699,1
21700,1
21701,0
21702,1
21703,0
21704,1
21705,0
21706,0
21707,0
21708,1
21709,1
21710,1
21711,1
21712,0
21713,0
21714,1
21715,1
21716,1
21717,0
21718,1
21719,1
21720,1
21721,1
21722,1
21723,0
21724,0
21725,1
21726,1
21727,0
21728,1
21729,0
21730,1
21731,1
21732,1
21733,1
21734,1
21735,1
21736,1
21737,1
21738,0
21739,0
21740,1
21741,0
21742,1
21743,1
21744,1
21745,1
21746,1
21747,0
21748,1
21749,0
21750,1
21751,1
21752,1
21753,1
21754,1
21755,0
21756,1
21757,1
21758,1
21759,0
21760,1
21761,1
21762,0
21763,1
21764,1
21765,1
21766,1
21767,1
21768,0
21769,0
21770,1
21771,1
21772,1
21773,1
21774,0
21775,0
21776,1
21777,0
21778,1
21779,1
21780,1
21781,0
21782,0
21783,0
21784,1
21785,1
21786,0
21787,1
21788,1
21789,0
21790,1
21791,1
21792,1
21793,0
21794,1
21795,1
21796,1
21797,0
21798,0
21799,1
21800,1
21801,1
21802,1
21803,0
21804,1
21805,0
21806,1
21807,1
21808,1
21809,0
21810,1
21811,0
21812,1
21813,1
21814,0
21815,1
21816,1
21817,0
21818,1
21819,1
21820,0
21821,1
21822,0
21823,1
21824,1
21825,1
21826,1
21827,1
21828,1
21829,1
21830,1
21831,1
21832,1
21833,1
21834,1
21835,1
21836,0
21837,1
21838,0
21839,1
21840,0
21841,1
21842,1
21843,0
21844,0
21845,0
21846,1
21847,0
21848,1
21849,1
21850,1
21851,1
21852,1
21853,1
21854,0
21855,1
21856,1
21857,1
21858,1
21859,1
21860,1
21861,1
21862,1
21863,1
21864,1
21865,1
21866,1
21867,1
21868,0
21869,1
21870,0
21871,0
21872,0
21873,0
21874,1
21875,1
21876,1
21877,1
21878,1
21879,0
21880,0
21881,0
21882,1
21883,0
21884,0
21885,1
21886,1
21887,1
21888,1
21889,1
21890,1
21891,1
21892,1
21893,0
21894,0
21895,1
21896,1
21897,1
21898,0
21899,1
21900,1
21901,0
21902,0
21903,1
21904,0
21905,1
21906,0
21907,1
21908,1
21909,1
21910,1
21911,1
21912,1
21913,1
21914,1
21915,1
21916,0
21917,1
21918,1
21919,1
21920,1
21921,0
21922,0
21923,0
21924,1
21925,0
21926,0
21927,0
21928,1
21929,1
21930,0
21931,0
21932,0
21933,0
21934,1
21935,0
21936,0
21937,1
21938,1
21939,0
21940,1
21941,1
21942,0
21943,1
21944,1
21945,1
21946,1
21947,1
21948,1
21949,0
21950,1
21951,0
21952,1
21953,0
21954,0
21955,1
21956,1
21957,0
21958,0
21959,1
21960,1
21961,0
21962,1
21963,1
21964,0
21965,1
21966,1
21967,1
21968,1
21969,1
21970,0
21971,1
21972,1
21973,1
21974,0
21975,1
21976,1
21977,1
21978,0
21979,0
21980,1
21981,1
21982,1
21983,1
21984,0
21985,1
21986,1
21987,1
21988,0
21989,1
21990,1
21991,0
21992,1
21993,1
21994,1
21995,1
21996,0
21997,1
21998,1
21999,1
22000,1
22001,1
22002,1
22003,1
22004,0
22005,1
22006,0
22007,1
22008,1
22009,1
22010,1
22011,1
22012,0
22013,1
22014,1
22015,0
22016,1
22017,1
22018,1
22019,1
22020,1
22021,1
22022,1
22023,0
22024,1
22025,1
22026,0
22027,0
22028,1
22029,1
22030,1
22031,0
22032,1
22033,1
22034,0
22035,0
22036,1
22037,1
22038,1
22039,1
22040,1
22041,1
22042,1
22043,1
22044,0
22045,0
22046,0
22047,1
22048,1
22049,0
22050,1
22051,0
22052,1
22053,0
22054,1
22055,0
22056,1
22057,1
22058,0
22059,1
22060,1
22061,1
22062,0
22063,1
22064,1
22065,1
22066,0
22067,1
22068,0
22069,0
22070,1
22071,0
22072,0
22073,1
22074,1
22075,0
22076,1
22077,1
22078,0
22079,1
22080,1
22081,1
22082,1
22083,1
22084,1
22085,1
22086,0
22087,1
22088,1
22089,1
22090,0
22091,1
22092,1
22093,0
22094,1
22095,1
22096,0
22097,1
22098,1
22099,1
22100,0
22101,1
22102,1
22103,0
22104,1
22105,1
22106,1
22107,0
22108,0
22109,0
22110,1
22111,1
22112,0
22113,1
22114,1
22115,0
22116,1
22117,0
22118,0
22119,0
22120,1
22121,0
22122,1
22123,0
22124,0
22125,1
22126,0
22127,0
22128,1
22129,0
22130,0
22131,1
22132,0
22133,1
22134,1
22135,0
22136,1
22137,1
22138,0
22139,1
22140,0
22141,1
22142,1
22143,0
22144,0
22145,0
22146,1
22147,0
22148,1
22149,1
22150,0
22151,0
22152,0
22153,0
22154,1
22155,1
22156,0
22157,1
22158,0
22159,0
22160,1
22161,1
22162,1
22163,1
22164,1
22165,1
22166,1
22167,1
22168,1
22169,0
22170,1
22171,0
22172,1
22173,1
22174,1
22175,0
22176,1
22177,0
22178,1
22179,1
22180,1
22181,1
22182,0
22183,1
22184,1
22185,1
22186,0
22187,1
22188,1
22189,0
22190,0
22191,0
22192,0
22193,1
22194,1
22195,1
22196,0
22197,0
22198,1
22199,1
22200,0
22201,0
22202,0
22203,0
22204,0
22205,1
22206,0
22207,1
22208,0
22209,1
22210,1
22211,0
22212,1
22213,1
22214,1
22215,1
22216,1
22217,1
22218,1
22219,1
22220,1
22221,1
22222,1
22223,0
22224,0
22225,1
22226,1
22227,0
22228,1
22229,1
22230,0
22231,1
22232,1
22233,0
22234,0
22235,1
22236,1
22237,1
22238,1
22239,1
22240,1
22241,1
22242,1
22243,0
22244,0
22245,0
22246,1
22247,0
22248,0
22249,1
22250,1
22251,0
22252,1
22253,1
22254,1
22255,1
22256,0
22257,1
22258,1
22259,1
22260,1
22261,0
22262,0
22263,0
22264,1
22265,0
22266,1
22267,0
22268,0
22269,1
22270,0
22271,1
22272,1
22273,0
22274,1
22275,1
22276,1
22277,1
22278,1
22279,1
22280,1
22281,1
22282,1
22283,0
22284,1
22285,0
22286,0
22287,0
22288,1
22289,0
22290,1
22291,1
22292,1
22293,1
22294,1
22295,0
22296,0
22297,1
22298,1
22299,0
22300,1
22301,1
22302,0
22303,1
22304,1
22305,1
22306,1
22307,0
22308,0
22309,0
22310,1
22311,0
22312,1
22313,1
22314,0
22315,1
22316,0
22317,0
22318,1
22319,1
22320,1
22321,0
22322,0
22323,0
22324,1
22325,0
22326,1
22327,1
22328,1
22329,0
22330,1
22331,1
22332,1
22333,0
22334,1
22335,1
22336,1
22337,0
22338,1
22339,1
22340,0
22341,0
22342,1
22343,0
22344,0
22345,1
22346,0
22347,1
22348,1
22349,0
22350,1
22351,1
22352,0
22353,0
22354,0
22355,1
22356,0
22357,1
22358,1
22359,0
22360,0
22361,1
22362,1
22363,1
22364,1
22365,1
22366,0
22367,1
22368,0
22369,1
22370,0
22371,0
22372,0
22373,1
22374,0
22375,0
22376,0
22377,1
22378,0
22379,1
22380,1
22381,0
22382,1
22383,1
22384,1
22385,1
22386,1
22387,1
22388,0
22389,1
22390,0
22391,0
22392,1
22393,1
22394,0
22395,1
22396,0
22397,1
22398,1
22399,1
22400,0
22401,1
22402,0
22403,1
22404,1
22405,1
22406,0
22407,0
22408,1
22409,0
22410,1
22411,1
22412,1
22413,1
22414,1
22415,0
22416,0
22417,0
22418,1
22419,0
22420,1
22421,0
22422,1
22423,1
22424,1
22425,1
22426,1
22427,1
22428,1
22429,0
22430,1
22431,1
22432,1
22433,0
22434,0
22435,0
22436,0
22437,1
22438,1
22439,1
22440,1
22441,0
22442,0
22443,1
22444,1
22445,0
22446,0
22447,1
22448,1
22449,1
22450,1
22451,1
22452,1
22453,1
22454,1
22455,1
22456,0
22457,1
22458,1
22459,1
22460,1
22461,1
22462,0
22463,1
22464,1
22465,0
22466,1
22467,0
22468,0
22469,1
22470,1
22471,0
22472,0
22473,1
22474,1
22475,1
22476,0
22477,1
22478,1
22479,1
22480,0
22481,1
22482,1
22483,0
22484,1
22485,0
22486,1
22487,0
22488,1
22489,1
22490,1
22491,1
22492,0
22493,1
22494,1
22495,1
22496,0
22497,1
22498,0
22499,1
22500,1
22501,1
22502,1
22503,1
22504,1
22505,0
22506,1
22507,1
22508,1
22509,1
22510,0
22511,0
22512,1
22513,1
22514,1
22515,1
22516,1
22517,1
22518,0
22519,1
22520,1
22521,0
22522,1
22523,0
22524,1
22525,1
22526,1
22527,1
22528,1
22529,1
22530,0
22531,1
22532,1
22533,1
22534,1
22535,1
22536,1
22537,0
22538,0
22539,1
22540,1
22541,1
22542,1
22543,0
22544,1
22545,0
22546,0
22547,1
22548,1
22549,1
22550,1
22551,1
22552,0
22553,0
22554,1
22555,1
22556,0
22557,0
22558,1
22559,1
22560,1
22561,0
22562,1
22563,1
22564,1
22565,0
22566,1
22567,1
22568,1
22569,0
22570,0
22571,0
22572,0
22573,1
22574,1
22575,1
22576,0
22577,0
22578,1
22579,1
22580,1
22581,1
22582,1
22583,1
22584,1
22585,0
22586,0
22587,0
22588,1
22589,1
22590,0
22591,1
22592,1
22593,1
22594,1
22595,1
22596,0
22597,0
22598,0
22599,1
22600,1
22601,1
22602,1
22603,1
22604,1
22605,1
22606,1
22607,1
22608,0
22609,0
22610,1
22611,1
22612,1
22613,0
22614,1
22615,1
22616,1
22617,1
22618,1
22619,1
22620,1
22621,0
22622,1
22623,1
22624,1
22625,1
22626,1
22627,1
22628,1
22629,1
22630,0
22631,0
22632,1
22633,1
22634,1
22635,1
22636,1
22637,1
22638,0
22639,1
22640,1
22641,1
22642,1
22643,0
22644,0
22645,0
22646,1
22647,0
22648,1
22649,1
22650,1
22651,1
22652,1
22653,0
22654,1
22655,1
22656,1
22657,1
22658,0
22659,1
22660,1
22661,0
22662,0
22663,1
22664,1
22665,1
22666,1
22667,1
22668,1
22669,0
22670,1
22671,1
22672,0
22673,1
22674,1
22675,1
22676,1
22677,0
22678,1
22679,0
22680,1
22681,1
22682,1
22683,1
22684,1
22685,0
22686,0
22687,0
22688,1
22689,1
22690,1
22691,1
22692,0
22693,1
22694,1
22695,1
22696,1
22697,0
22698,1
22699,1
22700,1
22701,1
22702,1
22703,1
22704,0
22705,0
22706,1
22707,0
22708,1
22709,1
22710,0
22711,1
22712,1
22713,0
22714,1
22715,1
22716,0
22717,1
22718,1
22719,1
22720,1
22721,1
22722,1
22723,1
22724,1
22725,1
22726,0
22727,1
22728,1
22729,1
22730,1
22731,1
22732,1
22733,1
22734,0
22735,0
22736,1
22737,1
22738,1
22739,0
22740,1
22741,1
22742,1
22743,1
22744,1
22745,1
22746,1
22747,0
22748,1
22749,0
22750,1
22751,1
22752,0
22753,1
22754,0
22755,1
22756,1
22757,1
22758,1
22759,0
22760,0
22761,0
22762,1
22763,1
22764,1
22765,1
22766,1
22767,0
22768,1
22769,1
22770,1
22771,1
22772,1
22773,1
22774,1
22775,0
22776,1
22777,0
22778,1
22779,0
22780,1
22781,0
22782,1
22783,1
22784,0
22785,1
22786,1
22787,1
22788,1
22789,0
22790,0
22791,1
22792,1
22793,1
22794,0
22795,1
22796,1
22797,1
22798,0
22799,0
22800,1
22801,0
22802,1
22803,0
22804,1
22805,1
22806,1
22807,1
22808,1
22809,1
22810,1
22811,1
22812,0
22813,0
22814,1
22815,1
22816,1
22817,1
22818,1
22819,1
22820,1
22821,0
22822,1
22823,1
22824,0
22825,1
22826,1
22827,1
22828,0
22829,1
22830,0
22831,0
22832,0
22833,1
22834,1
22835,1
22836,0
22837,1
22838,0
22839,1
22840,0
22841,1
22842,1
22843,1
22844,0
22845,0
22846,1
22847,1
22848,1
22849,1
22850,1
22851,0
22852,1
22853,1
22854,0
22855,1
22856,1
22857,1
22858,0
22859,0
22860,0
22861,0
22862,0
22863,0
22864,0
22865,0
22866,1
22867,1
22868,0
22869,1
22870,1
22871,1
22872,0
22873,1
22874,0
22875,1
22876,1
22877,0
22878,0
22879,1
22880,0
22881,0
22882,1
22883,1
22884,0
22885,1
22886,1
22887,1
22888,1
22889,1
22890,1
22891,1
22892,0
22893,1
22894,1
22895,1
22896,1
22897,1
22898,0
22899,1
22900,1
22901,0
22902,1
22903,1
22904,1
22905,1
22906,1
22907,1
22908,0
22909,1
22910,0
22911,1
22912,0
22913,1
22914,1
22915,1
22916,0
22917,1
22918,1
22919,1
22920,1
22921,0
22922,1
22923,1
22924,1
22925,1
22926,0
22927,0
22928,0
22929,1
22930,1
22931,0
22932,1
22933,1
22934,1
22935,1
22936,1
22937,0
22938,0
22939,1
22940,1
22941,1
22942,1
22943,1
22944,0
22945,1
22946,1
22947,1
22948,0
22949,1
22950,1
22951,1
22952,0
22953,1
22954,1
22955,0
22956,1
22957,0
22958,1
22959,0
22960,1
22961,0
22962,0
22963,1
22964,0
22965,0
22966,1
22967,0
22968,1
22969,1
22970,0
22971,1
22972,1
22973,1
22974,1
22975,1
22976,1
22977,0
22978,0
22979,1
22980,1
22981,1
22982,1
22983,1
22984,1
22985,0
22986,1
22987,1
22988,1
22989,1
22990,0
22991,1
22992,0
22993,1
22994,1
22995,0
22996,1
22997,0
22998,0
22999,1
23000,1
23001,0
23002,0
23003,0
23004,1
23005,1
23006,0
23007,0
23008,1
23009,1
23010,0
23011,0
23012,0
23013,1
23014,1
23015,1
23016,0
23017,1
23018,1
23019,0
23020,0
23021,1
23022,0
23023,1
23024,1
23025,0
23026,1
23027,0
23028,0
23029,1
23030,0
23031,1
23032,1
23033,1
23034,1
23035,0
23036,1
23037,1
23038,1
23039,1
23040,0
23041,0
23042,0
23043,1
23044,1
23045,0
23046,1
23047,0
23048,0
23049,1
23050,1
23051,0
23052,0
23053,0
23054,1
23055,0
23056,0
23057,0
23058,1
23059,1
23060,1
23061,0
23062,1
23063,0
23064,1
23065,1
23066,1
23067,1
23068,0
23069,0
23070,1
23071,0
23072,1
23073,1
23074,0
23075,1
23076,1
23077,1
23078,0
23079,1
23080,1
23081,1
23082,1
23083,1
23084,1
23085,1
23086,0
23087,1
23088,1
23089,0
23090,1
23091,1
23092,0
23093,1
23094,1
23095,1
23096,1
23097,0
23098,0
23099,1
23100,1
23101,1
23102,1
23103,1
23104,1
23105,0
23106,0
23107,1
23108,1
23109,1
23110,1
23111,1
23112,1
23113,0
23114,1
23115,0
23116,1
23117,1
23118,0
23119,1
23120,0
23121,1
23122,0
23123,1
23124,1
23125,1
23126,0
23127,1
23128,1
23129,1
23130,0
23131,1
23132,1
23133,1
23134,1
23135,1
23136,0
23137,1
23138,1
23139,0
23140,1
23141,1
23142,0
23143,0
23144,0
23145,0
23146,0
23147,1
23148,1
23149,1
23150,0
23151,1
23152,0
23153,0
23154,1
23155,1
23156,0
23157,1
23158,0
23159,1
23160,0
23161,0
23162,0
23163,1
23164,1
23165,1
23166,0
23167,0
23168,1
23169,0
23170,1
23171,1
23172,1
23173,0
23174,0
23175,1
23176,0
23177,1
23178,1
23179,0
23180,1
23181,1
23182,0
23183,0
23184,0
23185,0
23186,1
23187,0
23188,1
23189,1
23190,1
23191,1
23192,0
23193,1
23194,0
23195,0
23196,0
23197,0
23198,1
23199,1
23200,1
23201,1
23202,0
23203,1
23204,1
23205,1
23206,0
23207,1
23208,0
23209,1
23210,0
23211,1
23212,1
23213,1
23214,1
23215,1
23216,0
23217,1
23218,0
23219,0
23220,0
23221,1
23222,1
23223,0
23224,1
23225,0
23226,1
23227,0
23228,0
23229,1
23230,0
23231,0
23232,1
23233,1
23234,1
23235,1
23236,0
23237,0
23238,0
23239,0
23240,1
23241,1
23242,1
23243,1
23244,1
23245,0
23246,0
23247,1
23248,1
23249,0
23250,1
23251,1
23252,1
23253,0
23254,1
23255,0
23256,0
23257,1
23258,1
23259,1
23260,1
23261,1
23262,1
23263,0
23264,0
23265,1
23266,0
23267,0
23268,0
23269,1
23270,1
23271,1
23272,0
23273,1
23274,1
23275,1
23276,1
23277,0
23278,0
23279,0
23280,0
23281,1
23282,0
23283,1
23284,0
23285,1
23286,1
23287,1
23288,1
23289,1
23290,1
23291,1
23292,0
23293,1
23294,1
23295,1
23296,1
23297,0
23298,1
23299,1
23300,1
23301,1
23302,1
23303,1
23304,1
23305,1
23306,1
23307,0
23308,1
23309,1
23310,1
23311,1
23312,1
23313,1
23314,1
23315,0
23316,1
23317,1
23318,1
23319,1
23320,1
23321,1
23322,1
23323,1
23324,1
23325,1
23326,0
23327,0
23328,1
23329,1
23330,1
23331,1
23332,0
23333,0
23334,1
23335,1
23336,1
23337,0
23338,1
23339,0
23340,0
23341,1
23342,1
23343,0
23344,1
23345,1
23346,1
23347,0
23348,1
23349,1
23350,0
23351,0
23352,1
23353,1
23354,1
23355,1
23356,1
23357,1
23358,0
23359,1
23360,1
23361,1
23362,0
23363,1
23364,0
23365,0
23366,1
23367,1
23368,0
23369,0
23370,1
23371,0
23372,0
23373,1
23374,1
23375,1
23376,1
23377,1
23378,1
23379,0
23380,0
23381,1
23382,1
23383,1
23384,1
23385,1
23386,1
23387,1
23388,1
23389,1
23390,1
23391,0
23392,1
23393,0
23394,1
23395,1
23396,0
23397,1
23398,1
23399,1
23400,1
23401,1
23402,1
23403,0
23404,1
23405,0
23406,1
23407,1
23408,1
23409,0
23410,0
23411,1
23412,0
23413,1
23414,0
23415,1
23416,0
23417,1
23418,1
23419,1
23420,0
23421,0
23422,1
23423,1
23424,1
23425,1
23426,0
23427,1
23428,0
23429,1
23430,1
23431,0
23432,1
23433,0
23434,1
23435,1
23436,0
23437,1
23438,1
23439,1
23440,1
23441,0
23442,0
23443,1
23444,1
23445,0
23446,1
23447,1
23448,0
23449,1
23450,1
23451,1
23452,1
23453,0
23454,0
23455,1
23456,0
23457,1
23458,1
23459,1
23460,0
23461,1
23462,1
23463,0
23464,0
23465,0
23466,1
23467,0
23468,1
23469,1
23470,0
23471,1
23472,1
23473,1
23474,1
23475,0
23476,0
23477,1
23478,1
23479,1
23480,1
23481,0
23482,1
23483,1
23484,1
23485,1
23486,1
23487,1
23488,1
23489,1
23490,0
23491,1
23492,0
23493,0
23494,1
23495,0
23496,1
23497,1
23498,1
23499,1
23500,0
23501,1
23502,1
23503,1
23504,0
23505,1
23506,1
23507,1
23508,0
23509,0
23510,0
23511,1
23512,1
23513,1
23514,1
23515,1
23516,0
23517,0
23518,0
23519,1
23520,1
23521,1
23522,1
23523,1
23524,1
23525,1
23526,1
23527,1
23528,1
23529,1
23530,1
23531,1
23532,1
23533,1
23534,1
23535,1
23536,1
23537,1
23538,1
23539,1
23540,1
23541,0
23542,0
23543,1
23544,1
23545,0
23546,1
23547,1
23548,1
23549,1
23550,1
23551,1
23552,1
23553,1
23554,1
23555,0
23556,1
23557,0
23558,1
23559,1
23560,1
23561,1
23562,0
23563,0
23564,0
23565,0
23566,1
23567,0
23568,1
23569,0
23570,1
23571,1
23572,1
23573,0
23574,1
23575,0
23576,1
23577,0
23578,1
23579,1
23580,1
23581,1
23582,0
23583,0
23584,0
23585,0
23586,0
23587,0
23588,1
23589,1
23590,1
23591,1
23592,0
23593,1
23594,1
23595,0
23596,0
23597,0
23598,0
23599,1
23600,1
23601,0
23602,1
23603,1
23604,1
23605,1
23606,1
23607,0
23608,1
23609,1
23610,1
23611,1
23612,0
23613,0
23614,0
23615,1
23616,1
23617,1
23618,0
23619,0
23620,1
23621,1
23622,1
23623,1
23624,1
23625,0
23626,1
23627,0
23628,1
23629,1
23630,1
23631,0
23632,0
23633,1
23634,1
23635,1
23636,1
23637,0
23638,1
23639,0
23640,0
23641,1
23642,1
23643,1
23644,0
23645,1
23646,1
23647,1
23648,1
23649,0
23650,1
23651,1
23652,1
23653,1
23654,1
23655,0
23656,1
23657,1
23658,0
23659,1
23660,0
23661,1
23662,1
23663,0
23664,0
23665,1
23666,1
23667,1
23668,0
23669,0
23670,0
23671,0
23672,1
23673,1
23674,0
23675,1
23676,1
23677,1
23678,0
23679,1
23680,0
23681,1
23682,1
23683,1
23684,1
23685,1
23686,1
23687,1
23688,1
23689,1
23690,0
23691,0
23692,1
23693,1
23694,0
23695,0
23696,1
23697,0
23698,1
23699,1
23700,0
23701,1
23702,0
23703,1
23704,0
23705,0
23706,0
23707,1
23708,1
23709,1
23710,0
23711,1
23712,0
23713,1
23714,0
23715,1
23716,1
23717,1
23718,1
23719,1
23720,0
23721,1
23722,1
23723,1
23724,1
23725,0
23726,1
23727,1
23728,0
23729,1
23730,0
23731,1
23732,1
23733,1
23734,1
23735,1
23736,1
23737,1
23738,1
23739,1
23740,1
23741,1
23742,0
23743,1
23744,0
23745,1
23746,1
23747,0
23748,0
23749,1
23750,0
23751,1
23752,1
23753,0
23754,1
23755,0
23756,1
23757,1
23758,1
23759,1
23760,1
23761,0
23762,0
23763,1
23764,1
23765,1
23766,0
23767,0
23768,1
23769,1
23770,1
23771,0
23772,1
23773,0
23774,1
23775,1
23776,1
23777,0
23778,0
23779,1
23780,1
23781,0
23782,0
23783,1
23784,0
23785,0
23786,1
23787,0
23788,0
23789,0
23790,1
23791,1
23792,1
23793,1
23794,0
23795,1
23796,1
23797,1
23798,0
23799,1
23800,1
23801,1
23802,1
23803,1
23804,1
23805,0
23806,0
23807,1
23808,1
23809,1
23810,1
23811,0
23812,0
23813,1
23814,0
23815,0
23816,1
23817,1
23818,1
23819,0
23820,1
23821,1
23822,1
23823,1
23824,1
23825,1
23826,0
23827,1
23828,1
23829,0
23830,0
23831,1
23832,0
23833,1
23834,0
23835,0
23836,1
23837,1
23838,1
23839,0
23840,1
23841,1
23842,0
23843,1
23844,1
23845,1
23846,1
23847,1
23848,0
23849,1
23850,1
23851,1
23852,0
23853,0
23854,1
23855,1
23856,1
23857,1
23858,1
23859,0
23860,0
23861,1
23862,1
23863,0
23864,1
23865,0
23866,1
23867,0
23868,1
23869,1
23870,1
23871,1
23872,1
23873,1
23874,0
23875,1
23876,1
23877,1
23878,1
23879,0
23880,1
23881,0
23882,1
23883,1
23884,1
23885,1
23886,1
23887,1
23888,1
23889,1
23890,0
23891,0
23892,0
23893,1
23894,0
23895,1
23896,1
23897,1
23898,0
23899,1
23900,0
23901,1
23902,1
23903,0
23904,1
23905,1
23906,0
23907,1
23908,1
23909,1
23910,1
23911,1
23912,0
23913,0
23914,0
23915,0
23916,1
23917,1
23918,1
23919,1
23920,1
23921,0
23922,1
23923,0
23924,1
23925,1
23926,1
23927,1
23928,1
23929,1
23930,1
23931,1
23932,1
23933,0
23934,1
23935,0
23936,0
23937,1
23938,0
23939,1
23940,0
23941,0
23942,1
23943,0
23944,1
23945,1
23946,1
23947,0
23948,1
23949,1
23950,1
23951,0
23952,0
23953,1
23954,0
23955,1
23956,1
23957,0
23958,1
23959,0
23960,0
23961,0
23962,0
23963,0
23964,1
23965,1
23966,1
23967,0
23968,1
23969,1
23970,1
23971,1
23972,1
23973,1
23974,1
23975,1
23976,1
23977,1
23978,1
23979,0
23980,1
23981,0
23982,1
23983,1
23984,1
23985,1
23986,1
23987,0
23988,1
23989,0
23990,1
23991,1
23992,1
23993,0
23994,1
23995,1
23996,0
23997,1
23998,1
23999,1
24000,0
24001,0
24002,0
24003,1
24004,1
24005,1
24006,0
24007,1
24008,1
24009,1
24010,0
24011,0
24012,1
24013,1
24014,1
24015,0
24016,0
24017,1
24018,1
24019,1
24020,1
24021,0
24022,1
24023,1
24024,1
24025,1
24026,1
24027,1
24028,1
24029,0
24030,1
24031,0
24032,0
24033,0
24034,1
24035,1
24036,1
24037,1
24038,0
24039,0
24040,1
24041,1
24042,1
24043,0
24044,0
24045,0
24046,1
24047,0
24048,0
24049,1
24050,0
24051,1
24052,0
24053,1
24054,1
24055,0
24056,0
24057,1
24058,0
24059,0
24060,1
24061,0
24062,1
24063,1
24064,1
24065,0
24066,1
24067,1
24068,1
24069,1
24070,1
24071,0
24072,1
24073,0
24074,1
24075,0
24076,1
24077,0
24078,0
24079,1
24080,1
24081,0
24082,1
24083,0
24084,1
24085,1
24086,0
24087,1
24088,0
24089,1
24090,0
24091,1
24092,1
24093,1
24094,1
24095,0
24096,1
24097,0
24098,0
24099,0
24100,1
24101,1
24102,1
24103,1
24104,1
24105,1
24106,1
24107,1
24108,0
24109,0
24110,1
24111,1
24112,1
24113,1
24114,0
24115,1
24116,1
24117,1
24118,1
24119,1
24120,0
24121,0
24122,1
24123,1
24124,1
24125,1
24126,1
24127,1
24128,1
24129,1
24130,1
24131,1
24132,1
24133,1
24134,1
24135,1
24136,1
24137,1
24138,0
24139,1
24140,1
24141,1
24142,0
24143,1
24144,0
24145,0
24146,1
24147,0
24148,0
24149,0
24150,0
24151,1
24152,0
24153,1
24154,0
24155,1
24156,0
24157,1
24158,0
24159,0
24160,1
24161,0
24162,1
24163,1
24164,1
24165,1
24166,1
24167,1
24168,0
24169,0
24170,1
24171,1
24172,0
24173,1
24174,1
24175,1
24176,0
24177,1
24178,1
24179,1
24180,0
24181,0
24182,0
24183,0
24184,1
24185,0
24186,1
24187,0
24188,1
24189,1
24190,0
24191,0
24192,1
24193,0
24194,0
24195,1
24196,1
24197,1
24198,1
24199,0
24200,1
24201,1
24202,0
24203,1
24204,1
24205,1
24206,0
24207,1
24208,0
24209,1
24210,0
24211,1
24212,1
24213,0
24214,0
24215,0
24216,0
24217,1
24218,1
24219,0
24220,1
24221,1
24222,1
24223,0
24224,1
24225,1
24226,1
24227,1
24228,0
24229,0
24230,1
24231,0
24232,1
24233,1
24234,1
24235,1
24236,1
24237,0
24238,0
24239,1
24240,1
24241,1
24242,0
24243,0
24244,0
24245,1
24246,1
24247,1
24248,1
24249,1
24250,1
24251,1
24252,1
24253,1
24254,1
24255,1
24256,1
24257,1
24258,0
24259,1
24260,1
24261,1
24262,1
24263,1
24264,1
24265,0
24266,0
24267,1
24268,0
24269,1
24270,1
24271,0
24272,1
24273,1
24274,1
24275,1
24276,1
24277,1
24278,1
24279,1
24280,1
24281,1
24282,1
24283,1
24284,1
24285,1
24286,1
24287,0
24288,1
24289,1
24290,1
24291,1
24292,0
24293,0
24294,0
24295,1
24296,1
24297,0
24298,0
24299,0
24300,1
24301,0
24302,1
24303,1
24304,1
24305,1
24306,1
24307,1
24308,1
24309,1
24310,1
24311,0
24312,0
24313,1
24314,0
24315,1
24316,0
24317,1
24318,1
24319,0
24320,0
24321,1
24322,1
24323,0
24324,1
24325,1
24326,1
24327,0
24328,1
24329,0
24330,1
24331,1
24332,0
24333,1
24334,0
24335,1
24336,0
24337,1
24338,1
24339,0
24340,1
24341,1
24342,0
24343,1
24344,1
24345,1
24346,0
24347,1
24348,1
24349,1
24350,1
24351,1
24352,1
24353,0
24354,1
24355,1
24356,1
24357,1
24358,1
24359,1
24360,1
24361,1
24362,0
24363,1
24364,1
24365,1
24366,1
24367,1
24368,1
24369,1
24370,1
24371,1
24372,1
24373,1
24374,0
24375,1
24376,0
24377,0
24378,1
24379,1
24380,0
24381,0
24382,0
24383,1
24384,1
24385,1
24386,1
24387,0
24388,1
24389,0
24390,1
24391,1
24392,1
24393,0
24394,0
24395,0
24396,0
24397,1
24398,1
24399,0
24400,1
24401,0
24402,0
24403,1
24404,1
24405,1
24406,0
24407,1
24408,1
24409,1
24410,1
24411,0
24412,1
24413,1
24414,0
24415,1
24416,0
24417,1
24418,0
24419,0
24420,1
24421,1
24422,1
24423,0
24424,0
24425,0
24426,1
24427,1
24428,0
24429,0
24430,0
24431,1
24432,1
24433,1
24434,1
24435,1
24436,1
24437,1
24438,0
24439,1
24440,1
24441,0
24442,1
24443,0
24444,1
24445,1
24446,1
24447,1
24448,0
24449,1
24450,1
24451,1
24452,1
24453,1
24454,1
24455,0
24456,0
24457,1
24458,1
24459,1
24460,0
24461,1
24462,0
24463,0
24464,0
24465,0
24466,1
24467,1
24468,1
24469,1
24470,0
24471,1
24472,1
24473,1
24474,0
24475,1
24476,1
24477,0
24478,0
24479,1
24480,0
24481,0
24482,0
24483,0
24484,1
24485,1
24486,1
24487,0
24488,1
24489,1
24490,0
24491,1
24492,1
24493,1
24494,1
24495,0
24496,1
24497,1
24498,0
24499,1
24500,1
24501,1
24502,0
24503,0
24504,1
24505,1
24506,0
24507,0
24508,0
24509,1
24510,1
24511,0
24512,1
24513,1
24514,1
24515,0
24516,1
24517,0
24518,0
24519,0
24520,0
24521,1
24522,1
24523,1
24524,1
24525,0
24526,1
24527,1
24528,1
24529,0
24530,0
24531,1
24532,1
24533,1
24534,1
24535,1
24536,1
24537,1
24538,1
24539,1
24540,1
24541,1
24542,0
24543,0
24544,0
24545,0
24546,0
24547,1
24548,1
24549,0
24550,1
24551,0
24552,1
24553,1
24554,1
24555,0
24556,0
24557,1
24558,1
24559,1
24560,1
24561,0
24562,0
24563,0
24564,0
24565,0
24566,0
24567,1
24568,1
24569,0
24570,1
24571,1
24572,1
24573,1
24574,0
24575,1
24576,1
24577,1
24578,1
24579,0
24580,0
24581,1
24582,1
24583,1
24584,0
24585,0
24586,0
24587,1
24588,1
24589,1
24590,1
24591,1
24592,1
24593,1
24594,1
24595,1
24596,1
24597,1
24598,1
24599,0
24600,0
24601,0
24602,1
24603,0
24604,1
24605,1
24606,1
24607,1
24608,0
24609,1
24610,0
24611,1
24612,0
24613,0
24614,0
24615,0
24616,1
24617,1
24618,0
24619,1
24620,1
24621,0
24622,1
24623,1
24624,0
24625,1
24626,1
24627,1
24628,1
24629,0
24630,1
24631,1
24632,1
24633,0
24634,1
24635,1
24636,0
24637,1
24638,1
24639,0
24640,1
24641,1
24642,1
24643,1
24644,0
24645,1
24646,0
24647,1
24648,0
24649,1
24650,1
24651,1
24652,1
24653,0
24654,1
24655,0
24656,0
24657,1
24658,1
24659,1
24660,0
24661,1
24662,1
24663,1
24664,1
24665,0
24666,0
24667,1
24668,1
24669,1
24670,1
24671,1
24672,0
24673,0
24674,1
24675,0
24676,0
24677,0
24678,1
24679,1
24680,1
24681,1
24682,1
24683,0
24684,0
24685,1
24686,1
24687,1
24688,1
24689,1
24690,1
24691,1
24692,1
24693,1
24694,1
24695,1
24696,1
24697,1
24698,1
24699,0
24700,1
24701,1
24702,0
24703,1
24704,1
24705,1
24706,1
24707,1
24708,0
24709,1
24710,1
24711,1
24712,0
24713,1
24714,0
24715,0
24716,1
24717,1
24718,0
24719,1
24720,0
24721,0
24722,0
24723,0
24724,0
24725,1
24726,1
24727,0
24728,0
24729,1
24730,0
24731,1
24732,1
24733,1
24734,1
24735,1
24736,0
24737,1
24738,1
24739,0
24740,0
24741,1
24742,0
24743,1
24744,1
24745,1
24746,1
24747,1
24748,1
24749,0
24750,0
24751,1
24752,1
24753,1
24754,1
24755,0
24756,0
24757,1
24758,1
24759,0
24760,1
24761,1
24762,1
24763,0
24764,1
24765,1
24766,0
24767,0
24768,0
24769,1
24770,0
24771,1
24772,1
24773,1
24774,0
24775,0
24776,1
24777,1
24778,0
24779,0
24780,1
24781,1
24782,0
24783,1
24784,0
24785,0
24786,0
24787,1
24788,1
24789,0
24790,1
24791,0
24792,1
24793,0
24794,1
24795,0
24796,0
24797,1
24798,1
24799,0
24800,0
24801,0
24802,0
24803,1
24804,1
24805,1
24806,0
24807,0
24808,0
24809,1
24810,1
24811,1
24812,0
24813,1
24814,1
24815,0
24816,0
24817,1
24818,0
24819,1
24820,1
24821,0
24822,0
24823,1
24824,0
24825,1
24826,0
24827,0
24828,0
24829,1
24830,1
24831,0
24832,1
24833,1
24834,1
24835,0
24836,0
24837,0
24838,1
24839,1
24840,1
24841,1
24842,1
24843,1
24844,0
24845,0
24846,0
24847,1
24848,1
24849,1
24850,1
24851,1
24852,1
24853,0
24854,1
24855,1
24856,1
24857,1
24858,1
24859,0
24860,0
24861,0
24862,1
24863,1
24864,0
24865,0
24866,1
24867,1
24868,0
24869,1
24870,1
24871,1
24872,1
24873,1
24874,0
24875,1
24876,0
24877,1
24878,1
24879,1
24880,1
24881,1
24882,1
24883,0
24884,1
24885,1
24886,1
24887,0
24888,1
24889,0
24890,1
24891,1
24892,1
24893,1
24894,1
24895,1
24896,1
24897,1
24898,0
24899,1
24900,1
24901,0
24902,1
24903,1
24904,1
24905,1
24906,0
24907,0
24908,1
24909,0
24910,1
24911,1
24912,1
24913,1
24914,0
24915,1
24916,1
24917,1
24918,0
24919,1
24920,1
24921,1
24922,0
24923,1
24924,0
24925,1
24926,0
24927,0
24928,1
24929,1
24930,1
24931,1
24932,1
24933,1
24934,1
24935,1
24936,0
24937,1
24938,1
24939,0
24940,1
24941,1
24942,1
24943,1
24944,0
24945,1
24946,1
24947,1
24948,1
24949,1
24950,0
24951,1
24952,1
24953,1
24954,1
24955,1
24956,1
24957,1
24958,1
24959,1
24960,0
24961,1
24962,1
24963,1
24964,0
24965,1
24966,1
24967,1
24968,1
24969,1
24970,0
24971,0
24972,1
24973,0
24974,1
24975,1
24976,0
24977,1
24978,1
24979,0
24980,1
24981,0
24982,1
24983,0
24984,0
24985,1
24986,1
24987,1
24988,1
24989,1
24990,0
24991,0
24992,1
24993,1
24994,0
24995,1
24996,1
24997,0
24998,1
24999,0
25000,0
25001,1
25002,0
25003,1
25004,0
25005,1
25006,1
25007,1
25008,1
25009,1
25010,1
25011,0
25012,0
25013,1
25014,0
25015,0
25016,1
25017,0
25018,1
25019,0
25020,1
25021,1
25022,1
25023,1
25024,1
25025,0
25026,1
25027,0
25028,1
25029,1
25030,1
25031,0
25032,1
25033,1
25034,0
25035,0
25036,1
25037,1
25038,1
25039,1
25040,1
25041,1
25042,1
25043,1
25044,1
25045,1
25046,0
25047,1
25048,0
25049,0
25050,0
25051,0
25052,1
25053,1
25054,1
25055,1
25056,1
25057,1
25058,0
25059,1
25060,1
25061,0
25062,1
25063,1
25064,0
25065,1
25066,1
25067,0
25068,1
25069,0
25070,0
25071,0
25072,0
25073,0
25074,1
25075,0
25076,1
25077,0
25078,1
25079,1
25080,0
25081,1
25082,1
25083,1
25084,1
25085,0
25086,1
25087,0
25088,0
25089,1
25090,0
25091,1
25092,1
25093,0
25094,1
25095,1
25096,1
25097,0
25098,1
25099,0
25100,0
25101,0
25102,1
25103,0
25104,1
25105,0
25106,1
25107,0
25108,1
25109,1
25110,0
25111,0
25112,1
25113,0
25114,1
25115,0
25116,1
25117,1
25118,0
25119,1
25120,1
25121,1
25122,1
25123,0
25124,1
25125,1
25126,1
25127,0
25128,1
25129,1
25130,1
25131,1
25132,1
25133,1
25134,0
25135,1
25136,1
25137,1
25138,1
25139,1
25140,1
25141,1
25142,0
25143,1
25144,0
25145,1
25146,0
25147,1
25148,1
25149,1
25150,1
25151,0
25152,0
25153,0
25154,1
25155,0
25156,1
25157,0
25158,1
25159,0
25160,1
25161,1
25162,1
25163,1
25164,0
25165,1
25166,1
25167,1
25168,0
25169,0
25170,1
25171,1
25172,0
25173,1
25174,1
25175,1
25176,0
25177,1
25178,0
25179,1
25180,1
25181,1
25182,1
25183,1
25184,1
25185,1
25186,1
25187,1
25188,1
25189,1
25190,1
25191,0
25192,1
25193,0
25194,0
25195,1
25196,1
25197,1
25198,0
25199,1
25200,0
25201,0
25202,1
25203,0
25204,0
25205,1
25206,1
25207,1
25208,1
25209,1
25210,1
25211,0
25212,1
25213,1
25214,0
25215,1
25216,1
25217,1
25218,1
25219,1
25220,1
25221,1
25222,0
25223,0
25224,1
25225,1
25226,0
25227,0
25228,1
25229,1
25230,0
25231,0
25232,1
25233,1
25234,1
25235,1
25236,1
25237,1
25238,1
25239,1
25240,0
25241,1
25242,1
25243,1
25244,1
25245,1
25246,0
25247,0
25248,1
25249,0
25250,0
25251,1
25252,1
25253,1
25254,1
25255,1
25256,0
25257,0
25258,1
25259,0
25260,1
25261,0
25262,1
25263,1
25264,1
25265,1
25266,1
25267,0
25268,0
25269,1
25270,1
25271,1
25272,0
25273,0
25274,1
25275,1
25276,0
25277,0
25278,0
25279,1
25280,0
25281,0
25282,1
25283,1
25284,1
25285,1
25286,0
25287,1
25288,0
25289,1
25290,1
25291,1
25292,1
25293,0
25294,1
25295,0
25296,0
25297,0
25298,1
25299,0
25300,0
25301,1
25302,0
25303,0
25304,0
25305,0
25306,0
25307,0
25308,1
25309,1
25310,1
25311,1
25312,1
25313,1
25314,1
25315,1
25316,1
25317,1
25318,0
25319,1
25320,1
25321,0
25322,1
25323,1
25324,0
25325,1
25326,1
25327,1
25328,1
25329,1
25330,1
25331,1
25332,1
25333,0
25334,1
25335,1
25336,0
25337,1
25338,0
25339,1
25340,1
25341,1
25342,0
25343,1
25344,1
25345,0
25346,1
25347,0
25348,0
25349,1
25350,1
25351,1
25352,0
25353,1
25354,1
25355,0
25356,1
25357,1
25358,1
25359,0
25360,1
25361,1
25362,1
25363,1
25364,1
25365,1
25366,1
25367,1
25368,1
25369,1
25370,0
25371,1
25372,1
25373,0
25374,0
25375,0
25376,1
25377,1
25378,1
25379,0
25380,1
25381,0
25382,1
25383,1
25384,1
25385,0
25386,0
25387,1
25388,1
25389,1
25390,1
25391,1
25392,1
25393,1
25394,0
25395,1
25396,1
25397,0
25398,1
25399,1
25400,0
25401,1
25402,1
25403,1
25404,1
25405,1
25406,0
25407,1
25408,0
25409,0
25410,1
25411,0
25412,1
25413,0
25414,0
25415,1
25416,0
25417,0
25418,1
25419,1
25420,1
25421,1
25422,0
25423,0
25424,1
25425,1
25426,1
25427,1
25428,0
25429,1
25430,1
25431,1
25432,1
25433,1
25434,1
25435,1
25436,1
25437,1
25438,0
25439,1
25440,1
25441,0
25442,1
25443,1
25444,0
25445,1
25446,1
25447,0
25448,0
25449,0
25450,1
25451,0
25452,1
25453,1
25454,1
25455,1
25456,1
25457,1
25458,0
25459,0
25460,1
25461,0
25462,0
25463,0
25464,0
25465,1
25466,1
25467,1
25468,1
25469,1
25470,1
25471,1
25472,1
25473,1
25474,1
25475,0
25476,0
25477,1
25478,1
25479,1
25480,1
25481,1
25482,1
25483,1
25484,1
25485,0
25486,1
25487,1
25488,0
25489,1
25490,1
25491,0
25492,1
25493,1
25494,1
25495,1
25496,0
25497,0
25498,0
25499,0
25500,1
25501,0
25502,1
25503,1
25504,1
25505,0
25506,1
25507,0
25508,0
25509,0
25510,1
25511,0
25512,1
25513,1
25514,0
25515,1
25516,1
25517,1
25518,1
25519,0
25520,0
25521,1
25522,1
25523,1
25524,1
25525,0
25526,1
25527,1
25528,1
25529,1
25530,0
25531,1
25532,1
25533,1
25534,1
25535,1
25536,1
25537,1
25538,1
25539,1
25540,1
25541,0
25542,1
25543,1
25544,1
25545,1
25546,1
25547,1
25548,0
25549,1
25550,0
25551,1
25552,1
25553,1
25554,0
25555,0
25556,1
25557,0
25558,1
25559,1
25560,0
25561,0
25562,0
25563,1
25564,0
25565,0
25566,0
25567,1
25568,1
25569,0
25570,1
25571,1
25572,0
25573,0
25574,0
25575,1
25576,0
25577,1
25578,0
25579,0
25580,1
25581,1
25582,1
25583,1
25584,1
25585,0
25586,0
25587,1
25588,1
25589,0
25590,0
25591,0
25592,0
25593,0
25594,1
25595,0
25596,1
25597,1
25598,1
25599,1
25600,0
25601,1
25602,1
25603,0
25604,1
25605,1
25606,0
25607,1
25608,1
25609,1
25610,1
25611,0
25612,1
25613,1
25614,1
25615,1
25616,0
25617,1
25618,1
25619,1
25620,0
25621,1
25622,1
25623,1
25624,1
25625,0
25626,1
25627,0
25628,1
25629,1
25630,1
25631,1
25632,0
25633,1
25634,1
25635,1
25636,1
25637,1
25638,1
25639,1
25640,1
25641,1
25642,0
25643,0
25644,0
25645,1
25646,0
25647,0
25648,0
25649,1
25650,0
25651,1
25652,1
25653,0
25654,1
25655,1
25656,1
25657,0
25658,0
25659,1
25660,1
25661,0
25662,0
25663,0
25664,1
25665,1
25666,0
25667,0
25668,0
25669,1
25670,1
25671,0
25672,0
25673,1
25674,0
25675,1
25676,1
25677,1
25678,1
25679,1
25680,0
25681,1
25682,1
25683,1
25684,1
25685,0
25686,1
25687,1
25688,0
25689,1
25690,0
25691,0
25692,0
25693,1
25694,0
25695,1
25696,1
25697,0
25698,1
25699,1
25700,1
25701,1
25702,1
25703,1
25704,1
25705,1
25706,1
25707,1
25708,0
25709,1
25710,0
25711,1
25712,1
25713,1
25714,0
25715,1
25716,1
25717,1
25718,0
25719,0
25720,1
25721,0
25722,1
25723,0
25724,0
25725,1
25726,1
25727,0
25728,1
25729,1
25730,0
25731,1
25732,0
25733,1
25734,0
25735,1
25736,1
25737,1
25738,0
25739,1
25740,1
25741,1
25742,1
25743,1
25744,0
25745,1
25746,0
25747,1
25748,1
25749,1
25750,1
25751,1
25752,0
25753,1
25754,1
25755,1
25756,1
25757,0
25758,1
25759,1
25760,1
25761,1
25762,1
25763,1
25764,1
25765,0
25766,1
25767,1
25768,0
25769,0
25770,1
25771,0
25772,1
25773,1
25774,1
25775,1
25776,0
25777,1
25778,1
25779,0
25780,1
25781,0
25782,1
25783,1
25784,1
25785,1
25786,1
25787,1
25788,1
25789,0
25790,1
25791,1
25792,0
25793,1
25794,0
25795,0
25796,0
25797,1
25798,0
25799,1
25800,0
25801,0
25802,0
25803,1
25804,1
25805,0
25806,0
25807,1
25808,1
25809,1
25810,0
25811,0
25812,1
25813,1
25814,0
25815,0
25816,0
25817,1
25818,1
25819,1
25820,1
25821,0
25822,1
25823,1
25824,1
25825,1
25826,1
25827,1
25828,1
25829,1
25830,0
25831,1
25832,0
25833,1
25834,1
25835,1
25836,1
25837,0
25838,0
25839,0
25840,1
25841,0
25842,1
25843,1
25844,0
25845,0
25846,0
25847,1
25848,0
25849,1
25850,0
25851,0
25852,0
25853,1
25854,1
25855,1
25856,0
25857,0
25858,1
25859,1
25860,1
25861,1
25862,0
25863,0
25864,0
25865,1
25866,1
25867,1
25868,1
25869,1
25870,1
25871,1
25872,1
25873,1
25874,0
25875,0
25876,0
25877,0
25878,0
25879,1
25880,1
25881,1
25882,1
25883,0
25884,1
25885,1
25886,1
25887,1
25888,1
25889,1
25890,1
25891,1
25892,0
25893,1
25894,1
25895,1
25896,1
25897,1
25898,1
25899,1
25900,1
25901,1
25902,0
25903,1
25904,0
25905,1
25906,1
25907,0
25908,0
25909,1
25910,1
25911,1
25912,1
25913,0
25914,1
25915,1
25916,0
25917,1
25918,1
25919,0
25920,0
25921,1
25922,0
25923,1
25924,1
25925,1
25926,0
25927,0
25928,0
25929,1
25930,1
25931,1
25932,1
25933,0
25934,0
25935,1
25936,1
25937,0
25938,1
25939,0
25940,1
25941,0
25942,1
25943,1
25944,1
25945,0
25946,1
25947,1
25948,0
25949,0
25950,1
25951,1
25952,1
25953,1
25954,1
25955,1
25956,1
25957,1
25958,0
25959,1
25960,1
25961,1
25962,1
25963,1
25964,1
25965,1
25966,1
25967,1
25968,1
25969,0
25970,1
25971,1
25972,1
25973,0
25974,0
25975,0
25976,0
25977,0
25978,1
25979,1
25980,0
25981,0
25982,1
25983,1
25984,1
25985,1
25986,0
25987,1
25988,0
25989,1
25990,0
25991,1
25992,1
25993,0
25994,0
25995,1
25996,0
25997,1
25998,1
25999,1
26000,0
26001,1
26002,1
26003,0
26004,1
26005,1
26006,1
26007,0
26008,1
26009,1
26010,1
26011,1
26012,0
26013,1
26014,1
26015,0
26016,1
26017,1
26018,1
26019,0
26020,1
26021,1
26022,0
26023,0
26024,1
26025,1
26026,1
26027,1
26028,1
26029,0
26030,1
26031,1
26032,1
26033,0
26034,0
26035,1
26036,0
26037,1
26038,1
26039,0
26040,0
26041,1
26042,1
26043,1
26044,0
26045,0
26046,1
26047,1
26048,1
26049,1
26050,0
26051,1
26052,1
26053,1
26054,1
26055,0
26056,0
26057,1
26058,1
26059,1
26060,1
26061,1
26062,1
26063,0
26064,0
26065,0
26066,1
26067,1
26068,1
26069,0
26070,0
26071,1
26072,1
26073,0
26074,0
26075,0
26076,0
26077,0
26078,0
26079,0
26080,1
26081,1
26082,1
26083,1
26084,0
26085,1
26086,0
26087,0
26088,1
26089,1
26090,1
26091,1
26092,1
26093,0
26094,1
26095,0
26096,1
26097,1
26098,0
26099,0
26100,1
26101,0
26102,1
26103,1
26104,1
26105,1
26106,0
26107,0
26108,0
26109,0
26110,1
26111,1
26112,0
26113,1
26114,1
26115,1
26116,1
26117,1
26118,0
26119,1
26120,1
26121,1
26122,1
26123,0
26124,0
26125,1
26126,0
26127,1
26128,1
26129,0
26130,1
26131,1
26132,0
26133,0
26134,1
26135,1
26136,0
26137,1
26138,1
26139,1
26140,1
26141,1
26142,1
26143,1
26144,1
26145,1
26146,0
26147,0
26148,1
26149,1
26150,1
26151,0
26152,1
26153,0
26154,1
26155,0
26156,1
26157,1
26158,0
26159,1
26160,1
26161,1
26162,1
26163,1
26164,1
26165,0
26166,0
26167,1
26168,0
26169,0
26170,1
26171,0
26172,0
26173,1
26174,0
26175,0
26176,1
26177,1
26178,1
26179,0
26180,0
26181,1
26182,0
26183,0
26184,1
26185,1
26186,0
26187,1
26188,0
26189,1
26190,1
26191,0
26192,1
26193,1
26194,1
26195,0
26196,1
26197,1
26198,1
26199,1
26200,1
26201,1
26202,1
26203,1
26204,1
26205,1
26206,0
26207,1
26208,1
26209,1
26210,1
26211,0
26212,0
26213,1
26214,1
26215,0
26216,1
26217,0
26218,1
26219,1
26220,0
26221,0
26222,1
26223,0
26224,0
26225,1
26226,0
26227,0
26228,1
26229,1
26230,1
26231,0
26232,1
26233,1
26234,1
26235,1
26236,1
26237,1
26238,0
26239,1
26240,1
26241,0
26242,0
26243,1
26244,0
26245,1
26246,1
26247,1
26248,1
26249,1
26250,0
26251,0
26252,1
26253,1
26254,0
26255,1
26256,0
26257,1
26258,1
26259,1
26260,0
26261,0
26262,1
26263,0
26264,1
26265,1
26266,1
26267,1
26268,0
26269,1
26270,0
26271,1
26272,1
26273,0
26274,0
26275,1
26276,0
26277,1
26278,0
26279,0
26280,1
26281,1
26282,1
26283,1
26284,1
26285,1
26286,0
26287,1
26288,1
26289,1
26290,1
26291,0
26292,1
26293,0
26294,1
26295,0
26296,0
26297,0
26298,1
26299,1
26300,0
26301,1
26302,1
26303,1
26304,1
26305,1
26306,1
26307,1
26308,1
26309,1
26310,1
26311,1
26312,0
26313,1
26314,0
26315,1
26316,1
26317,1
26318,1
26319,1
26320,1
26321,1
26322,1
26323,1
26324,1
26325,1
26326,1
26327,1
26328,1
26329,0
26330,1
26331,0
26332,1
26333,0
26334,0
26335,0
26336,0
26337,0
26338,0
26339,0
26340,1
26341,1
26342,1
26343,0
26344,0
26345,1
26346,1
26347,0
26348,1
26349,0
26350,1
26351,1
26352,1
26353,1
26354,1
26355,1
26356,1
26357,0
26358,1
26359,1
26360,0
26361,1
26362,1
26363,1
26364,1
26365,1
26366,0
26367,1
26368,1
26369,0
26370,0
26371,1
26372,1
26373,1
26374,1
26375,1
26376,1
26377,1
26378,1
26379,1
26380,0
26381,1
26382,1
26383,1
26384,1
26385,0
26386,1
26387,0
26388,1
26389,0
26390,1
26391,0
26392,1
26393,0
26394,0
26395,1
26396,0
26397,1
26398,1
26399,0
26400,1
26401,1
26402,1
26403,1
26404,1
26405,0
26406,1
26407,0
26408,1
26409,1
26410,1
26411,0
26412,1
26413,0
26414,0
26415,0
26416,1
26417,1
26418,1
26419,1
26420,1
26421,1
26422,1
26423,0
26424,1
26425,1
26426,1
26427,1
26428,1
26429,1
26430,1
26431,1
26432,1
26433,1
26434,1
26435,0
26436,1
26437,1
26438,0
26439,1
26440,1
26441,1
26442,1
26443,0
26444,1
26445,0
26446,0
26447,1
26448,0
26449,1
26450,1
26451,1
26452,1
26453,1
26454,1
26455,1
26456,1
26457,1
26458,0
26459,1
26460,1
26461,0
26462,1
26463,1
26464,0
26465,1
26466,0
26467,0
26468,1
26469,0
26470,0
26471,1
26472,0
26473,1
26474,0
26475,1
26476,1
26477,1
26478,1
26479,1
26480,0
26481,1
26482,0
26483,1
26484,1
26485,1
26486,1
26487,0
26488,1
26489,1
26490,0
26491,1
26492,1
26493,1
26494,1
26495,1
26496,1
26497,0
26498,0
26499,1
26500,0
26501,1
26502,1
26503,1
26504,0
26505,1
26506,0
26507,1
26508,0
26509,0
26510,1
26511,1
26512,0
26513,1
26514,1
26515,1
26516,1
26517,1
26518,1
26519,0
26520,1
26521,1
26522,1
26523,1
26524,1
26525,1
26526,1
26527,0
26528,0
26529,0
26530,0
26531,0
26532,0
26533,1
26534,1
26535,0
26536,1
26537,1
26538,1
26539,1
26540,0
26541,0
26542,1
26543,0
26544,0
26545,1
26546,1
26547,0
26548,1
26549,1
26550,1
26551,0
26552,0
26553,1
26554,1
26555,1
26556,1
26557,1
26558,1
26559,0
26560,0
26561,1
26562,1
26563,0
26564,1
26565,0
26566,1
26567,0
26568,1
26569,1
26570,1
26571,0
26572,1
26573,1
26574,1
26575,1
26576,0
26577,1
26578,0
26579,0
26580,1
26581,0
26582,1
26583,1
26584,1
26585,1
26586,1
26587,0
26588,1
26589,0
26590,1
26591,1
26592,1
26593,1
26594,0
26595,1
26596,1
26597,1
26598,1
26599,1
26600,0
26601,1
26602,0
26603,0
26604,1
26605,0
26606,1
26607,1
26608,0
26609,0
26610,1
26611,1
26612,1
26613,1
26614,1
26615,0
26616,1
26617,0
26618,0
26619,1
26620,1
26621,1
26622,1
26623,0
26624,1
26625,0
26626,1
26627,1
26628,1
26629,0
26630,1
26631,0
26632,1
26633,1
26634,1
26635,1
26636,1
26637,1
26638,0
26639,1
26640,1
26641,0
26642,1
26643,0
26644,1
26645,0
26646,0
26647,0
26648,1
26649,1
26650,1
26651,1
26652,1
26653,1
26654,1
26655,0
26656,0
26657,1
26658,1
26659,0
26660,0
26661,1
26662,1
26663,1
26664,1
26665,1
26666,1
26667,1
26668,1
26669,0
26670,1
26671,0
26672,0
26673,1
26674,1
26675,1
26676,0
26677,1
26678,1
26679,0
26680,1
26681,0
26682,1
26683,1
26684,1
26685,1
26686,1
26687,1
26688,0
26689,1
26690,0
26691,1
26692,1
26693,1
26694,1
26695,1
26696,1
26697,0
26698,0
26699,0
26700,1
26701,1
26702,1
26703,1
26704,1
26705,1
26706,1
26707,1
26708,1
26709,0
26710,1
26711,1
26712,1
26713,0
26714,0
26715,0
26716,1
26717,1
26718,0
26719,0
26720,1
26721,1
26722,1
26723,1
26724,1
26725,1
26726,0
26727,0
26728,0
26729,1
26730,1
26731,1
26732,1
26733,0
26734,0
26735,1
26736,1
26737,1
26738,1
26739,0
26740,1
26741,0
26742,0
26743,1
26744,0
26745,0
26746,0
26747,1
26748,1
26749,0
26750,1
26751,1
26752,1
26753,0
26754,0
26755,1
26756,0
26757,1
26758,1
26759,0
26760,0
26761,1
26762,1
26763,1
26764,0
26765,1
26766,1
26767,1
26768,1
26769,1
26770,0
26771,0
26772,0
26773,1
26774,0
26775,1
26776,1
26777,0
26778,1
26779,0
26780,0
26781,1
26782,1
26783,1
26784,0
26785,1
26786,0
26787,0
26788,1
26789,1
26790,1
26791,1
26792,1
26793,1
26794,1
26795,1
26796,0
26797,1
26798,1
26799,0
26800,0
26801,0
26802,0
26803,1
26804,0
26805,1
26806,1
26807,0
26808,1
26809,1
26810,0
26811,1
26812,1
26813,0
26814,1
26815,1
26816,1
26817,1
26818,1
26819,0
26820,1
26821,0
26822,0
26823,1
26824,1
26825,0
26826,1
26827,1
26828,1
26829,1
26830,1
26831,1
26832,1
26833,0
26834,1
26835,0
26836,1
26837,1
26838,0
26839,0
26840,1
26841,0
26842,0
26843,1
26844,1
26845,0
26846,1
26847,0
26848,1
26849,0
26850,1
26851,1
26852,1
26853,1
26854,1
26855,1
26856,1
26857,1
26858,0
26859,1
26860,1
26861,0
26862,0
26863,1
26864,0
26865,1
26866,1
26867,1
26868,1
26869,1
26870,1
26871,1
26872,0
26873,1
26874,0
26875,1
26876,1
26877,1
26878,1
26879,1
26880,1
26881,1
26882,0
26883,0
26884,1
26885,1
26886,0
26887,1
26888,0
26889,1
26890,0
26891,1
26892,1
26893,0
26894,1
26895,0
26896,0
26897,0
26898,0
26899,0
26900,1
26901,1
26902,0
26903,0
26904,0
26905,1
26906,0
26907,1
26908,0
26909,0
26910,1
26911,1
26912,0
26913,1
26914,1
26915,1
26916,1
26917,0
26918,1
26919,1
26920,0
26921,0
26922,1
26923,1
26924,1
26925,0
26926,0
26927,0
26928,1
26929,0
26930,1
26931,1
26932,1
26933,0
26934,0
26935,1
26936,0
26937,1
26938,0
26939,0
26940,1
26941,1
26942,1
26943,0
26944,0
26945,1
26946,1
26947,1
26948,1
26949,1
26950,0
26951,1
26952,1
26953,0
26954,0
26955,1
26956,1
26957,0
26958,1
26959,1
26960,0
26961,0
26962,1
26963,0
26964,1
26965,0
26966,0
26967,0
26968,1
26969,1
26970,0
26971,0
26972,0
26973,1
26974,1
26975,1
26976,0
26977,1
26978,1
26979,1
26980,0
26981,1
26982,0
26983,1
26984,0
26985,0
26986,1
26987,1
26988,1
26989,0
26990,0
26991,1
26992,1
26993,1
26994,1
26995,0
26996,1
26997,1
26998,0
26999,1
27000,1
27001,1
27002,1
27003,1
27004,1
27005,1
27006,1
27007,0
27008,1
27009,1
27010,0
27011,0
27012,1
27013,1
27014,1
27015,0
27016,1
27017,0
27018,0
27019,0
27020,0
27021,0
27022,0
27023,0
27024,1
27025,1
27026,1
27027,0
27028,1
27029,1
27030,0
27031,1
27032,1
27033,0
27034,0
27035,0
27036,0
27037,1
27038,1
27039,0
27040,1
27041,0
27042,1
27043,0
27044,1
27045,1
27046,1
27047,1
27048,0
27049,1
27050,0
27051,0
27052,1
27053,1
27054,1
27055,1
27056,1
27057,0
27058,1
27059,1
27060,1
27061,1
27062,0
27063,0
27064,1
27065,1
27066,1
27067,1
27068,0
27069,1
27070,1
27071,1
27072,1
27073,0
27074,1
27075,0
27076,1
27077,1
27078,1
27079,1
27080,1
27081,1
27082,0
27083,1
27084,1
27085,0
27086,1
27087,1
27088,1
27089,0
27090,1
27091,1
27092,1
27093,0
27094,0
27095,1
27096,1
27097,0
27098,1
27099,0
27100,0
27101,0
27102,1
27103,1
27104,0
27105,0
27106,1
27107,1
27108,1
27109,1
27110,0
27111,1
27112,1
27113,0
27114,0
27115,1
27116,0
27117,1
27118,1
27119,1
27120,1
27121,0
27122,1
27123,1
27124,1
27125,1
27126,1
27127,1
27128,1
27129,0
27130,0
27131,0
27132,0
27133,0
27134,1
27135,1
27136,0
27137,0
27138,0
27139,1
27140,1
27141,1
27142,1
27143,0
27144,1
27145,0
27146,1
27147,0
27148,1
27149,1
27150,0
27151,1
27152,0
27153,1
27154,1
27155,0
27156,1
27157,1
27158,1
27159,1
27160,1
27161,0
27162,1
27163,1
27164,1
27165,0
27166,0
27167,0
27168,0
27169,1
27170,1
27171,1
27172,1
27173,1
27174,0
27175,1
27176,1
27177,0
27178,1
27179,1
27180,0
27181,1
27182,1
27183,1
27184,1
27185,0
27186,0
27187,0
27188,1
27189,1
27190,0
27191,1
27192,0
27193,0
27194,0
27195,0
27196,0
27197,1
27198,1
27199,1
27200,0
27201,1
27202,0
27203,1
27204,1
27205,1
27206,1
27207,1
27208,1
27209,1
27210,1
27211,0
27212,1
27213,1
27214,1
27215,1
27216,0
27217,0
27218,0
27219,1
27220,1
27221,0
27222,0
27223,0
27224,1
27225,1
27226,1
27227,1
27228,0
27229,1
27230,1
27231,0
27232,0
27233,0
27234,1
27235,1
27236,0
27237,0
27238,1
27239,0
27240,1
27241,1
27242,1
27243,0
27244,1
27245,1
27246,0
27247,1
27248,1
27249,1
27250,1
27251,1
27252,1
27253,1
27254,1
27255,1
27256,1
27257,1
27258,1
27259,1
27260,1
27261,1
27262,1
27263,0
27264,1
27265,0
27266,0
27267,1
27268,0
27269,1
27270,1
27271,1
27272,0
27273,0
27274,1
27275,1
27276,0
27277,1
27278,1
27279,1
27280,1
27281,1
27282,0
27283,1
27284,1
27285,0
27286,1
27287,1
27288,0
27289,1
27290,0
27291,1
27292,1
27293,0
27294,1
27295,1
27296,1
27297,1
27298,1
27299,1
27300,0
27301,1
27302,1
27303,0
27304,1
27305,1
27306,1
27307,0
27308,1
27309,1
27310,1
27311,0
27312,1
27313,1
27314,1
27315,1
27316,1
27317,1
27318,1
27319,1
27320,1
27321,1
27322,0
27323,1
27324,1
27325,1
27326,0
27327,0
27328,1
27329,0
27330,0
27331,0
27332,0
27333,1
27334,0
27335,0
27336,1
27337,1
27338,1
27339,1
27340,1
27341,1
27342,1
27343,1
27344,1
27345,0
27346,0
27347,1
27348,1
27349,1
27350,1
27351,1
27352,1
27353,0
27354,0
27355,1
27356,0
27357,1
27358,1
27359,1
27360,1
27361,0
27362,1
27363,0
27364,0
27365,1
27366,1
27367,1
27368,0
27369,1
27370,1
27371,0
27372,0
27373,0
27374,1
27375,1
27376,1
27377,1
27378,1
27379,1
27380,1
27381,0
27382,0
27383,0
27384,0
27385,1
27386,1
27387,1
27388,1
27389,1
27390,1
27391,1
27392,1
27393,1
27394,1
27395,1
27396,1
27397,0
27398,0
27399,0
27400,1
27401,0
27402,1
27403,0
27404,1
27405,1
27406,1
27407,1
27408,1
27409,0
27410,0
27411,1
27412,0
27413,1
27414,1
27415,1
27416,0
27417,0
27418,1
27419,0
27420,1
27421,0
27422,0
27423,1
27424,1
27425,1
27426,0
27427,1
27428,1
27429,1
27430,1
27431,0
27432,0
27433,0
27434,1
27435,1
27436,1
27437,1
27438,1
27439,0
27440,1
27441,0
27442,1
27443,0
27444,1
27445,1
27446,0
27447,0
27448,1
27449,1
27450,1
27451,1
27452,1
27453,1
27454,1
27455,0
27456,1
27457,0
27458,1
27459,0
27460,1
27461,0
27462,1
27463,1
27464,1
27465,0
27466,0
27467,1
27468,1
27469,1
27470,1
27471,1
27472,1
27473,1
27474,0
27475,1
27476,0
27477,1
27478,0
27479,1
27480,1
27481,1
27482,0
27483,0
27484,1
27485,1
27486,1
27487,0
27488,0
27489,1
27490,0
27491,1
27492,0
27493,1
27494,0
27495,0
27496,0
27497,0
27498,0
27499,1
27500,1
27501,1
27502,0
27503,1
27504,1
27505,1
27506,1
27507,1
27508,1
27509,0
27510,1
27511,0
27512,1
27513,0
27514,0
27515,0
27516,0
27517,1
27518,0
27519,1
27520,0
27521,0
27522,1
27523,0
27524,0
27525,1
27526,1
27527,1
27528,1
27529,1
27530,1
27531,1
27532,1
27533,1
27534,0
27535,0
27536,1
27537,0
27538,0
27539,0
27540,1
27541,0
27542,1
27543,0
27544,1
27545,1
27546,0
27547,1
27548,0
27549,1
27550,0
27551,0
27552,1
27553,1
27554,1
27555,1
27556,0
27557,1
27558,1
27559,1
27560,1
27561,1
27562,1
27563,1
27564,0
27565,1
27566,1
27567,1
27568,1
27569,1
27570,1
27571,1
27572,1
27573,1
27574,1
27575,1
27576,1
27577,1
27578,1
27579,0
27580,1
27581,1
27582,0
27583,0
27584,0
27585,0
27586,0
27587,1
27588,1
27589,1
27590,1
27591,1
27592,1
27593,1
27594,1
27595,1
27596,0
27597,0
27598,1
27599,1
27600,0
27601,1
27602,1
27603,1
27604,1
27605,0
27606,0
27607,1
27608,1
27609,1
27610,1
27611,0
27612,1
27613,0
27614,1
27615,0
27616,1
27617,0
27618,1
27619,1
27620,1
27621,0
27622,1
27623,1
27624,0
27625,1
27626,1
27627,0
27628,0
27629,1
27630,1
27631,1
27632,0
27633,0
27634,1
27635,0
27636,1
27637,1
27638,1
27639,1
27640,1
27641,1
27642,1
27643,1
27644,1
27645,1
27646,1
27647,0
27648,1
27649,1
27650,1
27651,1
27652,0
27653,1
27654,0
27655,1
27656,1
27657,1
27658,0
27659,0
27660,0
27661,1
27662,0
27663,1
27664,1
27665,1
27666,0
27667,1
27668,0
27669,1
27670,1
27671,1
27672,0
27673,1
27674,1
27675,1
27676,1
27677,1
27678,1
27679,0
27680,0
27681,1
27682,1
27683,1
27684,0
27685,0
27686,1
27687,0
27688,0
27689,0
27690,1
27691,1
27692,1
27693,1
27694,0
27695,0
27696,1
27697,0
27698,0
27699,1
27700,1
27701,1
27702,0
27703,1
27704,0
27705,0
27706,1
27707,1
27708,1
27709,1
27710,0
27711,0
27712,1
27713,1
27714,1
27715,1
27716,1
27717,1
27718,1
27719,1
27720,1
27721,1
27722,1
27723,0
27724,1
27725,0
27726,0
27727,1
27728,1
27729,1
27730,0
27731,1
27732,1
27733,1
27734,1
27735,1
27736,1
27737,0
27738,1
27739,1
27740,1
27741,1
27742,1
27743,1
27744,0
27745,1
27746,0
27747,1
27748,1
27749,1
27750,1
27751,0
27752,1
27753,1
27754,1
27755,1
27756,1
27757,0
27758,0
27759,0
27760,0
27761,1
27762,1
27763,0
27764,1
27765,0
27766,1
27767,1
27768,1
27769,1
27770,0
27771,1
27772,1
27773,1
27774,1
27775,1
27776,1
27777,1
27778,1
27779,0
27780,1
27781,1
27782,1
27783,1
27784,1
27785,1
27786,0
27787,1
27788,1
27789,1
27790,0
27791,0
27792,0
27793,1
27794,1
27795,1
27796,0
27797,1
27798,1
27799,0
27800,1
27801,1
27802,1
27803,1
27804,0
27805,0
27806,1
27807,1
27808,1
27809,0
27810,1
27811,1
27812,1
27813,1
27814,1
27815,1
27816,1
27817,0
27818,0
27819,0
27820,1
27821,0
27822,1
27823,0
27824,1
27825,1
27826,1
27827,1
27828,0
27829,1
27830,0
27831,1
27832,0
27833,1
27834,0
27835,1
27836,1
27837,0
27838,0
27839,1
27840,1
27841,1
27842,0
27843,1
27844,0
27845,1
27846,1
27847,1
27848,1
27849,1
27850,1
27851,1
27852,1
27853,1
27854,1
27855,0
27856,1
27857,1
27858,0
27859,1
27860,1
27861,1
27862,0
27863,1
27864,0
27865,1
27866,0
27867,1
27868,1
27869,1
27870,1
27871,1
27872,0
27873,1
27874,1
27875,1
27876,1
27877,1
27878,0
27879,1
27880,1
27881,1
27882,0
27883,0
27884,0
27885,1
27886,0
27887,1
27888,1
27889,1
27890,1
27891,1
27892,0
27893,1
27894,0
27895,0
27896,1
27897,1
27898,1
27899,1
27900,1
27901,0
27902,1
27903,1
27904,1
27905,1
27906,0
27907,1
27908,1
27909,0
27910,0
27911,1
27912,1
27913,1
27914,0
27915,1
27916,0
27917,1
27918,0
27919,1
27920,0
27921,1
27922,1
27923,1
27924,0
27925,1
27926,0
27927,1
27928,1
27929,1
27930,1
27931,1
27932,1
27933,1
27934,1
27935,1
27936,1
27937,1
27938,1
27939,1
27940,0
27941,0
27942,0
27943,1
27944,1
27945,1
27946,0
27947,0
27948,0
27949,0
27950,0
27951,1
27952,1
27953,1
27954,0
27955,0
27956,0
27957,0
27958,1
27959,1
27960,0
27961,1
27962,0
27963,0
27964,0
27965,1
27966,1
27967,0
27968,1
27969,1
27970,1
27971,0
27972,1
27973,0
27974,1
27975,1
27976,1
27977,1
27978,0
27979,1
27980,1
27981,1
27982,0
27983,1
27984,0
27985,1
27986,0
27987,1
27988,0
27989,1
27990,1
27991,1
27992,1
27993,0
27994,0
27995,0
27996,0
27997,0
27998,1
27999,0
28000,1
28001,1
28002,1
28003,1
28004,0
28005,0
28006,1
28007,0
28008,0
28009,1
28010,1
28011,1
28012,1
28013,1
28014,0
28015,1
28016,0
28017,1
28018,0
28019,0
28020,1
28021,1
28022,0
28023,1
28024,0
28025,1
28026,0
28027,1
28028,1
28029,0
28030,0
28031,0
28032,1
28033,0
28034,1
28035,1
28036,0
28037,0
28038,0
28039,0
28040,1
28041,1
28042,1
28043,1
28044,1
28045,1
28046,1
28047,0
28048,1
28049,1
28050,1
28051,1
28052,1
28053,1
28054,1
28055,1
28056,0
28057,1
28058,0
28059,0
28060,0
28061,0
28062,1
28063,0
28064,1
28065,1
28066,0
28067,1
28068,0
28069,0
28070,0
28071,0
28072,1
28073,0
28074,1
28075,1
28076,1
28077,0
28078,1
28079,0
28080,1
28081,0
28082,1
28083,1
28084,1
28085,1
28086,1
28087,0
28088,1
28089,1
28090,1
28091,1
28092,1
28093,1
28094,0
28095,0
28096,1
28097,0
28098,0
28099,1
28100,1
28101,0
28102,0
28103,1
28104,1
28105,1
28106,1
28107,1
28108,0
28109,0
28110,1
28111,1
28112,1
28113,0
28114,1
28115,1
28116,0
28117,0
28118,1
28119,1
28120,1
28121,1
28122,0
28123,0
28124,1
28125,0
28126,1
28127,0
28128,1
28129,1
28130,1
28131,0
28132,0
28133,0
28134,0
28135,0
28136,1
28137,0
28138,1
28139,1
28140,1
28141,0
28142,1
28143,0
28144,0
28145,1
28146,0
28147,1
28148,0
28149,1
28150,1
28151,1
28152,0
28153,0
28154,0
28155,0
28156,0
28157,1
28158,1
28159,1
28160,1
28161,1
28162,1
28163,0
28164,1
28165,1
28166,1
28167,1
28168,1
28169,0
28170,1
28171,1
28172,0
28173,1
28174,1
28175,0
28176,1
28177,1
28178,0
28179,1
28180,1
28181,1
28182,0
28183,1
28184,1
28185,0
28186,1
28187,0
28188,0
28189,1
28190,1
28191,1
28192,0
28193,1
28194,0
28195,0
28196,1
28197,1
28198,1
28199,1
28200,0
28201,1
28202,1
28203,1
28204,1
28205,1
28206,1
28207,1
28208,1
28209,1
28210,0
28211,1
28212,0
28213,0
28214,1
28215,0
28216,1
28217,1
28218,1
28219,1
28220,1
28221,0
28222,0
28223,1
28224,1
28225,1
28226,1
28227,0
28228,1
28229,0
28230,0
28231,1
28232,1
28233,1
28234,1
28235,1
28236,1
28237,1
28238,1
28239,0
28240,0
28241,1
28242,0
28243,0
28244,1
28245,0
28246,0
28247,1
28248,1
28249,0
28250,1
28251,1
28252,0
28253,1
28254,1
28255,0
28256,1
28257,1
28258,0
28259,1
28260,0
28261,1
28262,1
28263,1
28264,1
28265,0
28266,1
28267,0
28268,1
28269,1
28270,0
28271,1
28272,1
28273,0
28274,1
28275,0
28276,1
28277,1
28278,1
28279,0
28280,0
28281,1
28282,0
28283,0
28284,1
28285,0
28286,1
28287,1
28288,0
28289,0
28290,1
28291,1
28292,0
28293,0
28294,0
28295,1
28296,1
28297,1
28298,0
28299,1
28300,1
28301,1
28302,0
28303,0
28304,0
28305,1
28306,0
28307,1
28308,1
28309,1
28310,0
28311,1
28312,0
28313,0
28314,1
28315,1
28316,0
28317,1
28318,1
28319,0
28320,1
28321,0
28322,1
28323,1
28324,0
28325,1
28326,1
28327,1
28328,0
28329,1
28330,0
28331,1
28332,1
28333,1
28334,1
28335,0
28336,1
28337,1
28338,1
28339,1
28340,0
28341,1
28342,0
28343,0
28344,1
28345,0
28346,1
28347,0
28348,1
28349,1
28350,1
28351,0
28352,1
28353,1
28354,1
28355,1
28356,1
28357,1
28358,1
28359,1
28360,1
28361,1
28362,1
28363,1
28364,1
28365,0
28366,0
28367,1
28368,0
28369,1
28370,1
28371,0
28372,1
28373,0
28374,1
28375,1
28376,1
28377,1
28378,1
28379,0
28380,0
28381,1
28382,1
28383,0
28384,1
28385,0
28386,1
28387,1
28388,1
28389,1
28390,1
28391,0
28392,1
28393,0
28394,0
28395,1
28396,1
28397,1
28398,1
28399,0
28400,1
28401,0
28402,1
28403,1
28404,1
28405,1
28406,0
28407,1
28408,0
28409,1
28410,0
28411,1
28412,1
28413,0
28414,1
28415,1
28416,1
28417,1
28418,1
28419,1
28420,1
28421,1
28422,1
28423,0
28424,0
28425,1
28426,1
28427,1
28428,1
28429,0
28430,0
28431,1
28432,1
28433,1
28434,0
28435,1
28436,1
28437,1
28438,1
28439,0
28440,1
28441,1
28442,1
28443,1
28444,1
28445,1
28446,1
28447,0
28448,1
28449,0
28450,0
28451,1
28452,1
28453,1
28454,1
28455,1
28456,1
28457,1
28458,1
28459,1
28460,0
28461,1
28462,1
28463,1
28464,1
28465,1
28466,0
28467,0
28468,0
28469,0
28470,0
28471,1
28472,1
28473,0
28474,0
28475,0
28476,1
28477,1
28478,1
28479,1
28480,0
28481,0
28482,0
28483,1
28484,0
28485,1
28486,0
28487,1
28488,0
28489,1
28490,1
28491,1
28492,1
28493,0
28494,1
28495,0
28496,0
28497,1
28498,0
28499,1
28500,1
28501,1
28502,0
28503,0
28504,1
28505,0
28506,0
28507,1
28508,1
28509,0
28510,1
28511,1
28512,0
28513,1
28514,1
28515,1
28516,0
28517,1
28518,1
28519,0
28520,0
28521,1
28522,1
28523,1
28524,1
28525,0
28526,0
28527,1
28528,1
28529,1
28530,1
28531,1
28532,1
28533,1
28534,1
28535,0
28536,0
28537,0
28538,1
28539,0
28540,1
28541,1
28542,1
28543,1
28544,0
28545,1
28546,1
28547,0
28548,1
28549,0
28550,0
28551,1
28552,1
28553,1
28554,1
28555,1
28556,1
28557,0
28558,1
28559,1
28560,1
28561,1
28562,1
28563,0
28564,0
28565,1
28566,1
28567,0
28568,1
28569,1
28570,0
28571,0
28572,1
28573,0
28574,0
28575,1
28576,1
28577,1
28578,1
28579,1
28580,1
28581,1
28582,0
28583,1
28584,1
28585,1
28586,1
28587,1
28588,1
28589,1
28590,0
28591,0
28592,0
28593,1
28594,1
28595,0
28596,0
28597,1
28598,0
28599,1
28600,1
28601,1
28602,0
28603,1
28604,1
28605,0
28606,1
28607,1
28608,1
28609,0
28610,1
28611,1
28612,1
28613,0
28614,0
28615,0
28616,1
28617,1
28618,1
28619,1
28620,1
28621,0
28622,0
28623,1
28624,1
28625,1
28626,1
28627,0
28628,0
28629,1
28630,0
28631,1
28632,1
28633,1
28634,0
28635,1
28636,0
28637,1
28638,1
28639,1
28640,0
28641,1
28642,1
28643,1
28644,0
28645,1
28646,1
28647,0
28648,1
28649,0
28650,1
28651,0
28652,1
28653,0
28654,1
28655,1
28656,1
28657,1
28658,0
28659,0
28660,0
28661,0
28662,1
28663,1
28664,0
28665,0
28666,1
28667,0
28668,1
28669,0
28670,1
28671,1
28672,0
28673,0
28674,0
28675,1
28676,0
28677,0
28678,0
28679,1
28680,0
28681,1
28682,0
28683,0
28684,1
28685,1
28686,1
28687,1
28688,0
28689,0
28690,0
28691,1
28692,1
28693,1
28694,1
28695,0
28696,1
28697,1
28698,0
28699,0
28700,0
28701,1
28702,0
28703,0
28704,0
28705,0
28706,1
28707,1
28708,1
28709,1
28710,0
28711,1
28712,0
28713,0
28714,1
28715,0
28716,1
28717,0
28718,0
28719,0
28720,0
28721,0
28722,0
28723,0
28724,1
28725,1
28726,0
28727,1
28728,1
28729,1
28730,1
28731,0
28732,1
28733,1
28734,1
28735,0
28736,0
28737,1
28738,0
28739,1
28740,0
28741,0
28742,1
28743,1
28744,1
28745,1
28746,1
28747,0
28748,1
28749,1
28750,1
28751,0
28752,1
28753,1
28754,0
28755,1
28756,1
28757,1
28758,1
28759,0
28760,0
28761,1
28762,0
28763,1
28764,0
28765,0
28766,1
28767,0
28768,1
28769,1
28770,1
28771,0
28772,0
28773,1
28774,1
28775,0
28776,1
28777,0
28778,1
28779,1
28780,1
28781,0
28782,0
28783,1
28784,1
28785,1
28786,1
28787,0
28788,1
28789,0
28790,1
28791,1
28792,1
28793,1
28794,1
28795,0
28796,1
28797,0
28798,1
28799,0
28800,0
28801,1
28802,1
28803,1
28804,1
28805,0
28806,0
28807,1
28808,1
28809,0
28810,0
28811,1
28812,0
28813,0
28814,1
28815,1
28816,0
28817,1
28818,1
28819,1
28820,1
28821,1
28822,1
28823,1
28824,1
28825,1
28826,1
28827,0
28828,0
28829,1
28830,1
28831,1
28832,1
28833,0
28834,1
28835,0
28836,0
28837,1
28838,0
28839,1
28840,1
28841,1
28842,1
28843,1
28844,1
28845,0
28846,0
28847,1
28848,1
28849,1
28850,1
28851,1
28852,1
28853,1
28854,0
28855,1
28856,0
28857,1
28858,0
28859,0
28860,1
28861,0
28862,1
28863,1
28864,0
28865,1
28866,1
28867,1
28868,1
28869,1
28870,1
28871,1
28872,1
28873,1
28874,1
28875,1
28876,1
28877,1
28878,0
28879,0
28880,1
28881,1
28882,1
28883,0
28884,0
28885,0
28886,0
28887,1
28888,1
28889,0
28890,1
28891,0
28892,0
28893,1
28894,1
28895,1
28896,1
28897,0
28898,1
28899,1
28900,1
28901,1
28902,1
28903,1
28904,0
28905,1
28906,1
28907,1
28908,1
28909,0
28910,1
28911,1
28912,1
28913,1
28914,1
28915,0
28916,1
28917,1
28918,0
28919,0
28920,1
28921,1
28922,1
28923,1
28924,0
28925,1
28926,0
28927,0
28928,1
28929,0
28930,1
28931,0
28932,0
28933,1
28934,1
28935,1
28936,0
28937,0
28938,0
28939,1
28940,1
28941,1
28942,1
28943,0
28944,0
28945,1
28946,1
28947,0
28948,1
28949,0
28950,0
28951,0
28952,1
28953,1
28954,0
28955,1
28956,1
28957,0
28958,0
28959,1
28960,0
28961,1
28962,0
28963,1
28964,1
28965,1
28966,1
28967,0
28968,0
28969,1
28970,1
28971,1
28972,1
28973,1
28974,1
28975,0
28976,1
28977,1
28978,1
28979,0
28980,1
28981,1
28982,1
28983,1
28984,1
28985,1
28986,0
28987,1
28988,1
28989,0
28990,1
28991,1
28992,1
28993,1
28994,1
28995,1
28996,0
28997,1
28998,1
28999,0
29000,0
29001,0
29002,1
29003,1
29004,1
29005,1
29006,1
29007,1
29008,0
29009,0
29010,0
29011,0
29012,1
29013,1
29014,1
29015,0
29016,0
29017,1
29018,1
29019,0
29020,0
29021,1
29022,1
29023,0
29024,1
29025,1
29026,1
29027,0
29028,0
29029,1
29030,0
29031,0
29032,1
29033,0
29034,1
29035,0
29036,1
29037,0
29038,0
29039,1
29040,1
29041,1
29042,0
29043,1
29044,1
29045,1
29046,0
29047,1
29048,1
29049,1
29050,0
29051,0
29052,0
29053,1
29054,0
29055,0
29056,1
29057,1
29058,0
29059,1
29060,0
29061,0
29062,0
29063,0
29064,0
29065,1
29066,0
29067,1
29068,1
29069,1
29070,1
29071,1
29072,0
29073,0
29074,1
29075,1
29076,0
29077,1
29078,1
29079,1
29080,1
29081,1
29082,1
29083,0
29084,1
29085,0
29086,0
29087,1
29088,1
29089,0
29090,0
29091,0
29092,0
29093,1
29094,1
29095,1
29096,1
29097,1
29098,1
29099,1
29100,1
29101,0
29102,1
29103,1
29104,1
29105,1
29106,1
29107,0
29108,0
29109,0
29110,0
29111,0
29112,0
29113,1
29114,1
29115,0
29116,1
29117,1
29118,1
29119,1
29120,1
29121,1
29122,1
29123,1
29124,1
29125,0
29126,0
29127,1
29128,0
29129,0
29130,0
29131,1
29132,0
29133,0
29134,1
29135,1
29136,0
29137,1
29138,1
29139,1
29140,0
29141,1
29142,0
29143,1
29144,0
29145,1
29146,1
29147,0
29148,1
29149,1
29150,1
29151,0
29152,1
29153,0
29154,1
29155,1
29156,1
29157,1
29158,1
29159,1
29160,1
29161,0
29162,0
29163,1
29164,1
29165,1
29166,0
29167,0
29168,1
29169,1
29170,0
29171,0
29172,0
29173,0
29174,1
29175,1
29176,0
29177,1
29178,0
29179,0
29180,1
29181,1
29182,1
29183,0
29184,0
29185,1
29186,0
29187,1
29188,1
29189,1
29190,1
29191,0
29192,0
29193,1
29194,1
29195,1
29196,1
29197,1
29198,0
29199,1
29200,1
29201,1
29202,0
29203,1
29204,0
29205,0
29206,1
29207,1
29208,1
29209,1
29210,1
29211,0
29212,1
29213,1
29214,1
29215,0
29216,1
29217,1
29218,1
29219,1
29220,1
29221,1
29222,1
29223,0
29224,1
29225,0
29226,1
29227,0
29228,1
29229,1
29230,0
29231,1
29232,0
29233,1
29234,0
29235,0
29236,1
29237,1
29238,1
29239,0
29240,1
29241,1
29242,0
29243,1
29244,0
29245,0
29246,0
29247,1
29248,1
29249,0
29250,1
29251,1
29252,0
29253,1
29254,0
29255,1
29256,0
29257,1
29258,0
29259,1
29260,0
29261,0
29262,1
29263,1
29264,1
29265,0
29266,1
29267,1
29268,0
29269,1
29270,1
29271,1
29272,0
29273,1
29274,1
29275,1
29276,0
29277,1
29278,0
29279,1
29280,1
29281,0
29282,1
29283,1
29284,0
29285,1
29286,1
29287,0
29288,1
29289,1
29290,0
29291,1
29292,1
29293,1
29294,1
29295,1
29296,1
29297,0
29298,1
29299,1
29300,1
29301,1
29302,1
29303,1
29304,1
29305,1
29306,0
29307,0
29308,1
29309,0
29310,1
29311,0
29312,0
29313,1
29314,0
29315,0
29316,1
29317,0
29318,1
29319,1
29320,1
29321,1
29322,1
29323,0
29324,0
29325,0
29326,1
29327,1
29328,1
29329,1
29330,0
29331,1
29332,0
29333,0
29334,1
29335,0
29336,1
29337,0
29338,1
29339,1
29340,1
29341,1
29342,1
29343,1
29344,1
29345,1
29346,0
29347,1
29348,1
29349,1
29350,0
29351,0
29352,1
29353,1
29354,1
29355,1
29356,1
29357,1
29358,1
29359,0
29360,1
29361,0
29362,1
29363,1
29364,0
29365,0
29366,1
29367,1
29368,1
29369,1
29370,1
29371,1
29372,1
29373,1
29374,1
29375,0
29376,0
29377,1
29378,0
29379,1
29380,1
29381,1
29382,0
29383,1
29384,1
29385,1
29386,1
29387,1
29388,1
29389,0
29390,0
29391,0
29392,1
29393,1
29394,1
29395,1
29396,1
29397,0
29398,1
29399,0
29400,1
29401,1
29402,1
29403,1
29404,0
29405,1
29406,1
29407,1
29408,0
29409,0
29410,1
29411,1
29412,1
29413,1
29414,1
29415,0
29416,1
29417,1
29418,1
29419,0
29420,1
29421,1
29422,0
29423,1
29424,1
29425,1
29426,1
29427,1
29428,0
29429,1
29430,0
29431,0
29432,1
29433,0
29434,1
29435,0
29436,1
29437,0
29438,1
29439,1
29440,1
29441,0
29442,1
29443,1
29444,1
29445,1
29446,1
29447,0
29448,1
29449,0
29450,0
29451,0
29452,1
29453,0
29454,1
29455,1
29456,0
29457,0
29458,1
29459,0
29460,1
29461,0
29462,1
29463,1
29464,1
29465,1
29466,1
29467,1
29468,1
29469,1
29470,1
29471,0
29472,0
29473,1
29474,0
29475,1
29476,0
29477,0
29478,0
29479,0
29480,1
29481,0
29482,0
29483,0
29484,0
29485,1
29486,0
29487,0
29488,1
29489,0
29490,1
29491,1
29492,1
29493,0
29494,1
29495,1
29496,1
29497,1
29498,0
29499,0
29500,1
29501,1
29502,0
29503,1
29504,1
29505,0
29506,0
29507,1
29508,0
29509,1
29510,0
29511,0
29512,1
29513,0
29514,1
29515,1
29516,1
29517,1
29518,0
29519,1
29520,0
29521,1
29522,0
29523,1
29524,1
29525,0
29526,0
29527,1
29528,1
29529,1
29530,1
29531,1
29532,1
29533,1
29534,1
29535,1
29536,1
29537,1
29538,1
29539,1
29540,0
29541,1
29542,0
29543,1
29544,1
29545,1
29546,0
29547,0
29548,0
29549,0
29550,1
29551,0
29552,1
29553,1
29554,0
29555,1
29556,1
29557,0
29558,0
29559,1
29560,1
29561,1
29562,0
29563,0
29564,0
29565,1
29566,1
29567,1
29568,1
29569,1
29570,1
29571,1
29572,1
29573,1
29574,1
29575,1
29576,0
29577,1
29578,0
29579,0
29580,1
29581,1
29582,1
29583,1
29584,1
29585,1
29586,0
29587,0
29588,1
29589,1
29590,0
29591,1
29592,1
29593,1
29594,0
29595,1
29596,1
29597,1
29598,1
29599,1
29600,0
29601,0
29602,1
29603,1
29604,0
29605,1
29606,1
29607,1
29608,1
29609,0
29610,1
29611,1
29612,1
29613,1
29614,1
29615,1
29616,0
29617,1
29618,1
29619,0
29620,1
29621,1
29622,1
29623,1
29624,0
29625,0
29626,1
29627,0
29628,1
29629,0
29630,1
29631,0
29632,0
29633,0
29634,0
29635,0
29636,0
29637,1
29638,1
29639,1
29640,1
29641,1
29642,1
29643,1
29644,0
29645,0
29646,1
29647,1
29648,1
29649,1
29650,0
29651,1
29652,1
29653,0
29654,1
29655,0
29656,1
29657,1
29658,1
29659,1
29660,0
29661,1
29662,1
29663,1
29664,1
29665,0
29666,1
29667,0
29668,1
29669,1
29670,1
29671,1
29672,0
29673,1
29674,1
29675,0
29676,1
29677,1
29678,1
29679,0
29680,1
29681,1
29682,1
29683,1
29684,0
29685,0
29686,1
29687,0
29688,0
29689,1
29690,1
29691,0
29692,1
29693,0
29694,1
29695,1
29696,1
29697,1
29698,0
29699,0
29700,1
29701,1
29702,1
29703,0
29704,0
29705,1
29706,1
29707,1
29708,0
29709,1
29710,0
29711,1
29712,1
29713,0
29714,1
29715,1
29716,0
29717,1
29718,0
29719,1
29720,1
29721,1
29722,0
29723,1
29724,0
29725,1
29726,1
29727,1
29728,1
29729,1
29730,1
29731,1
29732,1
29733,1
29734,1
29735,1
29736,0
29737,1
29738,1
29739,1
29740,1
29741,1
29742,1
29743,1
29744,0
29745,1
29746,1
29747,0
29748,1
29749,0
29750,0
29751,1
29752,0
29753,0
29754,0
29755,1
29756,1
29757,1
29758,1
29759,1
29760,0
29761,0
29762,1
29763,1
29764,0
29765,0
29766,0
29767,1
29768,1
29769,1
29770,1
29771,1
29772,1
29773,1
29774,1
29775,0
29776,0
29777,1
29778,0
29779,0
29780,0
29781,0
29782,1
29783,0
29784,0
29785,1
29786,1
29787,1
29788,1
29789,0
29790,1
29791,1
29792,1
29793,0
29794,1
29795,1
29796,0
29797,1
29798,1
29799,1
29800,1
29801,1
29802,1
29803,1
29804,1
29805,0
29806,0
29807,1
29808,0
29809,1
29810,0
29811,0
29812,1
29813,1
29814,0
29815,0
29816,0
29817,1
29818,1
29819,1
29820,1
29821,1
29822,0
29823,0
29824,0
29825,1
29826,1
29827,0
29828,1
29829,1
29830,0
29831,0
29832,0
29833,1
29834,1
29835,1
29836,1
29837,1
29838,1
29839,1
29840,1
29841,1
29842,1
29843,0
29844,1
29845,1
29846,1
29847,1
29848,1
29849,1
29850,1
29851,0
29852,0
29853,1
29854,0
29855,0
29856,1
29857,1
29858,1
29859,1
29860,1
29861,1
29862,0
29863,1
29864,1
29865,1
29866,0
29867,1
29868,1
29869,0
29870,1
29871,1
29872,1
29873,1
29874,1
29875,1
29876,1
29877,1
29878,0
29879,1
29880,0
29881,1
29882,0
29883,0
29884,1
29885,1
29886,0
29887,1
29888,0
29889,0
29890,1
29891,1
29892,1
29893,1
29894,1
29895,1
29896,1
29897,1
29898,0
29899,1
29900,1
29901,1
29902,1
29903,1
29904,0
29905,1
29906,0
29907,0
29908,1
29909,0
29910,1
29911,0
29912,1
29913,0
29914,1
29915,1
29916,1
29917,1
29918,0
29919,1
29920,1
29921,0
29922,1
29923,1
29924,1
29925,0
29926,0
29927,1
29928,1
29929,1
29930,0
29931,1
29932,1
29933,1
29934,1
29935,1
29936,1
29937,1
29938,0
29939,1
29940,1
29941,0
29942,0
29943,1
29944,0
29945,1
29946,1
29947,1
29948,0
29949,1
29950,1
29951,0
29952,1
29953,1
29954,1
29955,1
29956,0
29957,0
29958,0
29959,1
29960,1
29961,0
29962,1
29963,0
29964,1
29965,1
29966,0
29967,1
29968,0
29969,1
29970,1
29971,1
29972,1
29973,1
29974,1
29975,1
29976,1
29977,0
29978,0
29979,1
29980,1
29981,1
29982,1
29983,0
29984,1
29985,0
29986,0
29987,1
29988,1
29989,1
29990,0
29991,1
29992,0
29993,0
29994,1
29995,1
29996,1
29997,1
29998,0
29999,1
30000,1
